armor_id,material_id,quantity
1,1,1
2,2,1
3,3,2
3,4,2
4,3,2
4,5,1
4,6,2
5,3,2
5,5,1
5,6,2
6,7,1
6,8,2
6,9,4
6,3,5
7,10,1
7,11,1
8,10,1
8,11,1
9,12,2
9,3,4
9,13,1
10,12,2
10,3,4
10,13,1
11,2,2
11,6,2
11,14,2
11,15,2
12,2,2
12,6,2
12,16,10
12,17,2
13,18,3
13,19,2
13,20,2
14,18,3
14,19,2
14,20,2
15,21,3
15,3,4
15,20,2
16,22,4
16,3,4
16,20,2
17,23,1
17,7,2
17,14,2
18,23,1
18,7,2
18,14,2
19,24,3
19,25,3
19,26,1
19,27,1
20,24,3
20,25,3
20,26,1
20,27,1
21,28,1
21,29,4
21,3,4
21,4,2
22,28,1
22,29,4
22,3,4
22,4,2
23,30,6
23,31,2
23,3,2
23,17,5
24,30,6
24,31,2
24,3,2
24,17,5
25,32,2
25,33,2
25,34,1
25,11,2
26,32,2
26,33,2
26,34,1
26,11,2
27,35,1
27,36,2
27,7,2
28,35,1
28,36,2
28,7,2
29,26,1
29,37,2
29,38,3
29,20,2
30,26,1
30,37,2
30,38,3
30,20,2
31,39,2
31,40,2
31,41,5
31,14,5
32,39,2
32,40,2
32,41,5
32,14,5
33,42,1
33,43,2
33,14,4
33,27,2
34,42,1
34,43,2
34,14,4
34,27,2
35,44,1
35,45,2
35,7,2
35,4,5
36,44,1
36,45,2
36,7,2
36,4,5
37,46,3
37,27,1
37,36,3
37,47,3
38,46,3
38,27,1
38,36,3
38,47,3
39,48,1
39,49,2
39,20,3
39,3,5
40,48,1
40,49,2
40,20,3
40,3,5
41,32,2
41,50,2
41,34,1
41,11,2
42,32,2
42,50,2
42,34,1
42,11,2
43,51,2
43,40,2
43,41,5
43,14,5
44,51,2
44,40,2
44,41,5
44,14,5
45,42,1
45,52,2
45,14,4
45,27,2
46,42,1
46,52,2
46,14,4
46,27,2
47,53,2
47,27,1
47,36,3
47,54,1
48,53,2
48,27,1
48,36,3
48,54,1
49,55,3
49,7,5
49,8,2
49,56,10
50,55,3
50,7,5
50,8,2
50,56,10
51,57,2
51,58,1
51,7,5
51,31,5
52,57,2
52,58,1
52,7,5
52,31,5
53,59,2
53,60,2
53,61,3
53,62,2
54,59,2
54,60,2
54,61,3
54,62,2
55,63,1
55,64,3
55,65,1
55,66,1
56,63,1
56,64,3
56,65,1
56,66,1
57,67,2
57,68,2
57,69,3
57,70,1
58,67,2
58,68,2
58,69,3
58,70,1
59,71,3
59,72,1
59,7,2
59,28,2
60,71,3
60,72,1
60,7,2
60,28,2
61,73,1
61,74,3
61,75,2
61,7,3
62,73,1
62,74,3
62,75,2
62,7,3
63,76,1
63,77,2
63,78,3
64,76,1
64,77,2
64,78,3
65,79,2
65,80,3
65,81,1
65,78,2
66,79,2
66,80,3
66,81,1
66,78,2
67,82,4
67,83,1
67,65,3
67,31,4
68,82,4
68,83,1
68,65,3
68,31,4
69,84,2
69,85,3
69,81,1
69,78,2
70,84,2
70,85,3
70,81,1
70,78,2
71,86,4
71,87,1
71,65,3
71,70,3
72,86,4
72,87,1
72,65,3
72,70,3
73,88,5
73,89,10
73,90,2
73,91,3
74,92,2
74,5,2
74,20,2
75,93,1
75,90,2
75,94,1
75,10,3
76,94,1
76,95,2
76,96,2
77,97,1
77,98,2
77,20,2
77,99,1
78,100,1
78,19,2
78,38,2
78,101,1
79,23,2
79,102,1
79,30,10
79,70,2
80,23,2
80,46,3
80,7,3
80,27,3
81,23,2
81,103,1
81,40,8
81,104,5
82,23,2
82,105,1
82,106,1
82,107,15
83,108,1
83,109,10
83,11,5
83,110,5
84,111,8
84,112,2
84,113,10
84,114,10
85,60,2
85,59,2
85,62,4
85,115,1
86,90,1
86,116,10
86,43,5
87,117,1
87,41,2
87,118,10
87,119,1
88,120,12
88,121,8
88,70,2
88,122,8
89,123,1
89,121,3
89,108,1
89,77,5
90,123,1
90,121,3
90,108,1
90,77,5
91,124,1
91,125,4
91,90,1
91,126,3
92,124,1
92,125,4
92,90,1
92,127,3
93,23,2
93,125,4
93,121,2
93,101,3
94,23,2
94,125,4
94,121,2
94,99,3
95,124,1
95,125,4
95,90,1
95,126,3
96,124,1
96,125,4
96,90,1
96,127,3
97,23,2
97,125,4
97,121,2
97,101,3
98,23,2
98,125,4
98,121,2
98,99,3
99,128,1
99,31,2
99,118,10
99,129,1
100,130,1
100,131,3
100,27,2
100,110,2
101,125,1
101,70,1
101,132,10
101,133,5
102,125,1
102,70,1
102,132,10
102,133,5
103,35,2
103,134,2
103,135,30
103,136,1
104,35,2
104,134,2
104,135,30
104,136,1
105,137,1
105,138,3
105,139,1
105,140,5
106,137,1
106,138,3
106,141,2
106,142,10
107,143,1
107,144,2
107,145,3
107,102,2
108,143,1
108,144,2
108,145,3
108,102,2
109,143,1
109,144,2
109,145,3
109,102,2
110,143,1
110,144,2
110,145,3
110,102,2
111,146,1
111,147,2
111,148,1
111,23,1
112,146,1
112,147,2
112,148,1
112,23,1
113,149,2
113,150,2
113,151,3
113,152,1
114,149,2
114,150,2
114,151,3
114,152,1
115,153,1
115,154,3
115,155,1
115,27,3
116,153,1
116,154,3
116,155,1
116,27,3
117,156,3
117,157,1
117,158,1
118,156,3
118,157,1
118,158,1
119,159,1
119,160,2
119,78,4
120,159,1
120,160,2
120,78,4
121,161,1
121,162,1
121,163,3
121,39,2
122,161,1
122,162,1
122,163,3
122,39,2
123,164,3
123,165,1
123,166,1
123,108,1
124,164,3
124,165,1
124,166,1
124,108,1
125,167,5
125,168,1
125,169,1
125,124,1
126,167,5
126,168,1
126,169,1
126,124,1
127,167,5
127,168,1
127,169,1
127,124,1
128,167,5
128,168,1
128,169,1
128,124,1
129,170,2
129,171,2
129,172,2
129,115,3
130,170,2
130,171,2
130,172,1
130,115,3
131,173,2
131,123,1
131,166,1
132,173,2
132,123,1
132,166,1
133,174,2
133,175,3
133,166,1
134,174,2
134,175,3
134,166,1
135,176,1
135,48,1
135,177,1
136,176,1
136,48,1
136,177,1
137,178,1
137,179,2
137,180,4
137,115,1
138,178,1
138,179,2
138,180,4
138,115,1
139,181,2
139,182,3
139,183,1
139,7,2
140,181,2
140,182,3
140,183,1
140,7,2
141,184,1
141,185,3
141,186,2
141,78,2
142,184,1
142,185,3
142,186,2
142,78,2
143,187,2
143,188,2
143,189,1
143,190,1
144,191,1
144,7,6
144,78,2
144,187,1
145,191,4
145,7,15
146,191,2
146,7,10
146,81,3
146,187,2
147,191,2
147,7,10
147,81,3
147,187,2
148,192,2
148,193,1
148,188,3
148,194,1
149,192,2
149,193,1
149,188,3
149,194,1
150,190,2
150,71,3
150,192,4
150,78,3
151,190,2
151,71,3
151,192,4
151,78,3
152,195,2
152,196,3
152,191,3
153,195,2
153,196,3
153,191,3
154,197,1
154,198,4
154,21,2
154,199,1
155,197,1
155,198,4
155,22,5
155,199,1
156,200,1
156,191,3
156,192,2
156,201,2
157,200,1
157,191,3
157,192,2
157,201,2
158,202,1
158,203,4
158,25,4
158,199,1
159,202,1
159,203,4
159,25,4
159,199,1
160,204,4
160,205,6
160,191,5
160,206,3
161,204,4
161,205,6
161,191,5
161,206,3
162,207,4
162,208,6
162,191,6
162,209,3
163,207,4
163,208,6
163,191,6
163,209,3
164,210,1
164,211,2
164,34,1
164,212,4
165,210,1
165,211,2
165,34,1
165,212,4
166,213,5
166,214,2
166,7,10
166,2,20
167,213,5
167,214,2
167,7,10
167,2,20
168,215,2
168,26,1
168,216,2
168,192,2
169,215,2
169,26,1
169,216,2
169,192,2
170,217,4
170,218,1
170,40,8
170,219,2
171,217,4
171,218,1
171,40,8
171,219,2
172,220,2
172,221,1
172,78,8
172,199,3
173,220,2
173,221,1
173,78,8
173,199,3
174,222,1
174,223,2
174,191,3
174,224,1
175,222,1
175,223,2
175,191,3
175,224,1
176,225,2
176,226,3
176,227,3
176,118,4
177,225,2
177,226,3
177,227,3
177,118,4
178,228,1
178,229,3
178,230,2
178,56,10
179,228,1
179,229,3
179,231,2
179,56,10
180,232,3
180,233,2
180,199,2
180,213,2
181,232,3
181,233,2
181,199,2
181,213,2
182,234,2
182,235,1
182,236,4
182,237,1
183,234,2
183,235,1
183,236,4
183,237,1
184,238,2
184,239,2
184,240,3
184,62,4
185,238,2
185,239,2
185,240,3
185,62,4
186,241,3
186,242,1
186,243,4
186,66,3
187,241,3
187,242,1
187,243,4
187,66,3
188,244,2
188,245,2
188,68,5
188,192,5
189,244,2
189,245,2
189,68,5
189,192,5
190,246,3
190,71,3
190,247,2
190,191,3
191,246,3
191,71,3
191,247,2
191,191,3
192,248,5
192,249,4
192,250,1
192,199,3
193,248,5
193,249,4
193,250,1
193,199,3
194,251,3
194,73,1
194,252,1
194,191,3
195,251,3
195,73,1
195,252,1
195,191,3
196,253,1
196,76,1
196,254,3
196,191,3
197,253,1
197,76,1
197,254,3
197,191,3
198,255,3
198,169,1
198,191,3
198,256,2
199,255,3
199,169,1
199,191,3
199,256,2
200,257,5
200,83,1
200,224,2
200,221,3
201,257,5
201,83,1
201,224,2
201,221,3
202,258,2
202,2,8
202,188,1
202,190,1
203,191,3
203,259,2
203,7,15
204,192,2
204,191,1
204,187,1
204,86,2
205,192,2
205,191,1
205,187,1
205,86,2
206,208,2
206,221,1
206,193,1
206,188,3
207,208,2
207,221,1
207,193,1
207,188,3
208,190,2
208,208,3
208,191,4
208,259,3
209,190,2
209,205,3
209,191,4
209,259,3
210,260,3
210,258,3
210,86,1
210,191,2
211,260,3
211,258,3
211,86,1
211,191,2
212,197,1
212,198,4
212,189,2
212,192,3
213,197,1
213,198,4
213,189,2
213,192,3
214,228,1
214,191,3
214,70,2
215,228,1
215,191,3
215,70,2
216,202,1
216,203,4
216,189,2
216,192,3
217,202,1
217,203,4
217,189,2
217,192,3
218,204,4
218,189,2
218,205,6
218,81,3
219,204,4
219,189,2
219,205,6
219,81,3
220,207,4
220,189,2
220,208,6
220,194,3
221,207,4
221,189,2
221,208,6
221,194,3
222,210,1
222,261,2
222,34,1
222,212,4
223,210,1
223,261,2
223,34,1
223,212,4
224,262,3
224,263,2
224,191,3
224,3,25
225,262,3
225,263,2
225,191,3
225,3,25
226,215,2
226,26,1
226,216,2
226,189,2
227,215,2
227,26,1
227,216,2
227,189,2
228,264,2
228,199,2
228,40,8
228,218,1
229,264,2
229,199,2
229,40,8
229,218,1
230,265,2
230,266,1
230,199,5
230,191,4
231,265,2
231,266,1
231,199,5
231,191,4
232,223,3
232,189,2
232,224,1
232,219,1
233,223,3
233,189,2
233,224,1
233,219,1
234,228,1
234,229,3
234,267,5
234,7,20
235,228,1
235,229,3
235,53,2
235,7,20
236,268,2
236,269,3
236,192,3
236,262,1
237,268,2
237,269,3
237,192,3
237,262,1
238,241,3
238,242,1
238,243,2
238,219,2
239,241,3
239,242,1
239,243,2
239,219,2
240,244,2
240,245,2
240,68,5
240,259,3
241,244,2
241,245,2
241,68,5
241,259,3
242,270,3
242,169,1
242,200,1
242,256,2
243,270,3
243,169,1
243,200,1
243,256,2
244,271,5
244,87,1
244,224,2
244,256,3
245,271,5
245,87,1
245,224,2
245,256,3
246,193,1
246,148,1
246,110,1
246,200,1
247,256,4
247,272,6
247,273,10
247,274,12
248,275,1
248,124,1
248,108,1
248,254,5
249,275,1
249,124,1
249,108,1
249,254,5
250,237,2
250,114,1
250,124,1
250,276,2
251,237,2
251,114,1
251,124,1
251,277,3
252,200,2
252,108,2
252,124,1
252,244,5
253,200,2
253,108,2
253,124,1
253,245,3
254,237,2
254,114,1
254,124,1
254,276,2
255,237,2
255,114,1
255,124,1
255,277,3
256,200,2
256,108,2
256,124,1
256,244,5
257,200,2
257,108,2
257,124,1
257,245,3
258,278,1
258,255,3
258,169,1
258,256,2
259,278,1
259,255,3
259,169,1
259,256,2
260,279,1
260,280,2
260,267,2
260,281,1
261,279,1
261,280,2
261,267,2
261,281,1
262,282,2
262,283,1
262,166,1
263,282,2
263,284,3
263,166,1
263,285,3
264,256,3
264,143,2
264,286,3
264,287,2
265,256,3
265,143,2
265,286,3
265,287,2
266,256,3
266,143,2
266,286,3
266,287,2
267,256,3
267,143,2
267,286,3
267,287,2
268,149,2
268,193,1
268,251,3
268,152,2
269,149,2
269,193,1
269,251,3
269,152,2
270,288,3
270,157,1
270,289,1
270,256,2
271,288,3
271,157,1
271,289,1
271,256,2
272,277,2
272,159,1
272,290,1
272,256,2
273,277,2
273,159,1
273,290,1
273,256,2
274,291,1
274,161,3
274,292,1
274,163,5
275,291,1
275,161,3
275,292,1
275,163,5
276,293,5
276,277,3
276,294,3
276,124,3
277,293,5
277,277,3
277,294,3
277,124,3
278,293,5
278,277,3
278,294,3
278,124,3
279,293,5
279,277,3
279,294,3
279,124,3
280,295,2
280,296,1
280,289,1
281,295,2
281,296,1
281,289,1
282,297,2
282,298,3
282,299,1
283,297,2
283,298,3
283,299,1
284,300,1
284,301,3
284,302,2
284,303,1
285,300,1
285,301,3
285,302,2
285,303,1
286,304,2
286,305,2
286,306,3
286,307,5
287,304,2
287,305,2
287,306,3
287,307,5
288,220,4
288,114,1
288,308,10
289,275,1
289,124,1
289,259,2
289,309,2
290,275,1
290,124,1
290,259,2
290,309,2
291,310,3
291,125,4
291,272,2
291,311,2
292,310,3
292,125,4
292,272,2
292,311,2
293,310,3
293,125,4
293,272,2
293,311,2
294,310,3
294,125,4
294,272,2
294,311,2
295,192,3
295,125,4
295,114,1
295,312,3
296,192,3
296,125,4
296,114,1
296,312,3
297,214,4
297,134,4
297,313,1
297,136,1
298,214,4
298,134,4
298,313,1
298,136,1
299,314,2
299,315,3
299,316,1
299,237,1
300,314,2
300,315,3
300,316,1
300,237,1
301,317,2
301,318,3
301,221,2
301,319,2
302,317,2
302,318,3
302,221,2
302,319,2
303,320,2
303,184,1
303,253,1
303,192,3
304,320,2
304,184,1
304,253,1
304,192,3
305,321,3
305,322,4
305,319,1
305,323,1
306,321,3
306,322,4
306,319,1
306,323,1
307,309,2
307,324,1
307,253,1
307,237,1
308,309,2
308,324,1
308,253,1
308,237,1
309,325,5
309,253,1
309,326,3
309,124,3
310,325,5
310,253,1
310,326,3
310,124,3
311,325,5
311,253,1
311,326,3
311,124,3
312,325,5
312,253,1
312,326,3
312,124,3
313,327,1
313,328,3
313,329,2
313,303,1
314,327,1
314,328,3
314,329,2
314,303,1
315,330,3
315,327,1
315,331,2
315,307,3
316,330,3
316,327,1
316,331,2
316,307,3
317,332,1
317,333,2
317,334,1
317,188,2
318,332,1
318,333,2
318,334,1
318,188,2
319,335,2
319,26,2
319,336,2
319,113,2
320,335,2
320,26,2
320,336,2
320,113,2
321,337,4
321,338,1
321,339,1
321,28,2
322,337,4
322,338,1
322,339,1
322,28,2
323,340,2
323,341,1
323,78,10
323,342,3
324,340,2
324,341,1
324,78,10
324,342,3
325,343,1
325,344,3
325,191,6
325,224,1
326,343,1
326,344,3
326,191,6
326,224,1
327,138,2
327,226,4
327,345,1
327,346,2
328,138,2
328,226,4
328,345,1
328,346,2
329,347,3
329,348,1
329,349,3
329,350,4
330,347,3
330,348,1
330,349,3
330,350,4
331,351,3
331,352,2
331,353,2
331,199,2
332,351,3
332,352,2
332,353,2
332,199,2
333,354,3
333,235,1
333,236,5
333,237,3
334,354,3
334,235,1
334,236,5
334,237,3
335,355,3
335,238,4
335,239,4
335,356,3
336,355,3
336,238,4
336,239,4
336,356,3
337,357,3
337,358,1
337,194,4
337,359,3
338,357,3
338,358,1
338,194,4
338,359,3
339,360,2
339,361,2
339,244,5
339,192,6
340,360,2
340,361,2
340,244,5
340,192,6
341,362,3
341,363,2
341,303,3
341,350,4
342,362,3
342,363,2
342,303,3
342,350,4
343,364,5
343,365,4
343,366,1
343,342,4
344,364,5
344,365,4
344,366,1
344,342,4
345,367,3
345,155,1
345,154,5
345,368,2
346,367,3
346,155,1
346,154,5
346,368,2
347,369,3
347,73,1
347,370,1
347,252,3
348,369,3
348,73,1
348,370,1
348,252,3
349,371,3
349,372,1
349,373,1
349,350,3
350,371,3
350,372,1
350,373,1
350,350,3
351,374,3
351,375,1
351,169,2
351,376,2
352,374,3
352,375,1
352,169,2
352,376,2
353,377,5
353,257,6
353,83,2
353,378,2
354,377,5
354,257,6
354,83,2
354,378,2
355,332,1
355,379,2
355,334,1
355,188,2
356,332,1
356,379,2
356,334,1
356,188,2
357,380,4
357,381,1
357,382,2
357,339,1
358,380,4
358,381,1
358,382,2
358,339,1
359,383,2
359,342,2
359,40,8
359,338,1
360,383,2
360,342,2
360,40,8
360,338,1
361,384,3
361,385,1
361,350,4
361,386,3
362,384,3
362,385,1
362,350,4
362,386,3
363,387,1
363,388,3
363,224,1
363,350,3
364,387,1
364,388,3
364,224,1
364,350,3
365,389,3
365,390,2
365,353,2
365,307,2
366,389,3
366,390,2
366,353,2
366,307,2
367,391,3
367,392,1
367,316,1
367,359,3
368,391,3
368,392,1
368,316,1
368,359,3
369,393,2
369,394,2
369,87,2
369,395,1
370,393,2
370,394,2
370,87,2
370,395,1
371,396,3
371,397,1
371,84,2
371,398,2
372,396,3
372,397,1
372,84,2
372,398,2
373,399,5
373,87,1
373,83,2
373,398,2
374,399,5
374,87,1
374,83,2
374,398,2
375,339,1
375,395,1
375,350,3
376,400,2
376,283,3
376,401,2
376,402,2
377,403,2
377,400,2
377,283,4
377,404,3
378,405,1
378,406,10
378,407,10
378,111,1
379,408,1
379,406,8
379,409,3
379,410,1
380,376,3
380,143,2
380,411,3
380,412,4
381,376,3
381,143,2
381,411,3
381,412,4
382,376,3
382,143,2
382,411,3
382,412,4
383,376,3
383,143,2
383,411,3
383,412,4
384,413,3
384,288,1
384,148,1
384,414,1
385,413,3
385,288,1
385,172,4
385,410,1
386,415,2
386,416,3
386,417,1
386,414,1
387,415,2
387,416,3
387,417,1
387,414,1
388,408,1
388,418,3
388,292,1
388,163,5
389,408,1
389,418,3
389,292,1
389,163,5
390,419,2
390,420,2
390,421,4
390,414,1
391,419,2
391,420,2
391,421,4
391,414,1
392,422,2
392,423,1
392,424,1
392,425,1
393,422,2
393,423,1
393,424,1
393,425,1
394,426,2
394,419,3
394,280,3
394,414,1
395,426,2
395,419,3
395,280,3
395,414,1
396,427,3
396,428,1
396,429,5
396,410,1
397,427,3
397,428,1
397,429,5
397,410,1
398,430,1
398,431,3
398,432,2
398,303,10
399,430,1
399,431,3
399,432,2
399,303,10
400,433,2
400,434,3
400,435,4
400,436,1
401,433,2
401,434,3
401,435,4
401,436,1
402,113,3
402,125,5
402,114,2
402,339,1
403,113,3
403,125,5
403,114,2
403,339,1
404,350,4
404,390,4
404,134,4
404,437,1
405,350,4
405,390,4
405,134,4
405,437,1
406,438,2
406,439,3
406,341,2
406,440,2
407,438,2
407,439,3
407,341,2
407,440,2
408,441,2
408,372,3
408,373,1
408,113,3
409,441,2
409,372,3
409,373,1
409,113,3
410,442,3
410,404,4
410,443,1
410,444,1
411,442,3
411,404,4
411,443,1
411,444,1
412,445,2
412,372,3
412,373,1
412,354,3
413,445,2
413,372,3
413,373,1
413,354,3
414,435,4
414,405,1
414,446,1
414,410,1
415,435,4
415,405,1
415,446,1
415,410,1
416,435,4
416,405,1
416,446,1
416,410,1
417,435,4
417,405,1
417,446,1
417,410,1
418,447,3
418,430,1
418,448,2
418,373,1
419,447,3
419,430,1
419,448,2
419,373,1
420,449,3
420,430,1
420,450,2
420,425,1
421,449,3
421,430,1
421,450,2
421,425,1
426,1,1
427,2,1
427,1,1
428,3,3
428,1,1
429,3,3
429,5,1
429,2,1
430,3,3
430,5,1
430,2,1
431,243,3
431,5,1
431,98,1
432,243,3
432,5,1
432,98,1
433,451,1
433,14,3
433,12,3
434,451,1
434,14,3
434,12,3
435,6,2
435,18,1
435,14,3
435,15,5
436,6,2
436,18,1
436,16,20
436,17,5
437,19,2
437,18,3
437,3,5
437,5,1
438,19,2
438,18,3
438,3,5
438,5,1
439,21,5
439,7,1
439,20,3
440,22,6
440,7,1
440,20,3
441,7,3
441,3,3
441,19,2
442,7,3
442,3,3
442,19,2
443,107,2
443,25,4
443,2,3
443,70,1
444,107,2
444,25,4
444,2,3
444,70,1
445,41,3
445,29,4
445,3,3
445,5,2
446,41,3
446,29,4
446,3,3
446,5,2
447,7,12
447,3,10
447,39,2
448,452,3
448,31,2
448,30,2
448,7,1
449,452,3
449,31,2
449,30,2
449,7,1
450,8,2
450,33,3
450,34,1
450,4,3
451,8,2
451,33,3
451,34,1
451,4,3
452,35,1
452,36,3
452,7,1
453,35,1
453,36,3
453,7,1
454,37,2
454,453,4
454,243,2
454,20,3
455,37,2
455,453,4
455,243,2
455,20,3
456,452,1
456,40,1
456,39,2
456,7,2
457,452,1
457,40,1
457,39,2
457,7,2
458,43,2
458,3,8
458,31,2
458,27,2
459,43,2
459,3,8
459,31,2
459,27,2
460,45,3
460,454,2
460,7,1
460,243,4
461,45,3
461,454,2
461,7,1
461,243,4
462,46,3
462,27,1
462,31,2
462,455,2
463,46,3
463,27,1
463,31,2
463,455,2
464,48,2
464,49,1
464,7,2
464,109,10
465,48,2
465,49,1
465,7,2
465,109,10
466,456,2
466,50,3
466,5,1
466,4,3
467,456,2
467,50,3
467,5,1
467,4,3
468,51,2
468,40,1
468,452,1
468,7,2
469,51,2
469,40,1
469,452,1
469,7,2
470,52,2
470,3,8
470,31,2
470,27,2
471,52,2
471,3,8
471,31,2
471,27,2
472,53,2
472,65,1
472,41,5
472,54,2
473,53,2
473,65,1
473,41,5
473,54,2
474,55,5
474,7,7
474,452,3
474,15,20
475,55,5
475,7,7
475,452,3
475,15,20
476,457,3
476,58,2
476,57,2
476,70,2
477,457,3
477,58,2
477,57,2
477,70,2
478,458,4
478,61,5
478,459,3
478,28,2
479,458,4
479,61,5
479,459,3
479,28,2
480,63,1
480,11,3
480,98,3
480,66,1
481,63,1
481,11,3
481,98,3
481,66,1
482,68,2
482,69,3
482,14,4
482,70,1
483,68,2
483,69,3
483,14,4
483,70,1
484,81,1
484,71,2
484,7,1
484,70,2
485,81,1
485,71,2
485,7,1
485,70,2
486,460,2
486,461,3
486,75,3
486,81,1
487,460,2
487,461,3
487,75,3
487,81,1
488,462,3
488,463,3
488,77,2
488,81,2
489,462,3
489,463,3
489,77,2
489,81,2
490,169,1
490,464,1
490,80,2
490,7,2
491,169,1
491,464,1
491,80,2
491,7,2
492,82,5
492,7,3
492,81,3
492,465,2
493,82,5
493,7,3
493,81,3
493,465,2
494,84,1
494,466,1
494,85,2
494,7,2
495,84,1
495,466,1
495,85,2
495,7,2
496,86,5
496,7,3
496,81,3
496,39,2
497,86,5
497,7,3
497,81,3
497,39,2
498,92,3
498,5,1
498,95,1
498,20,1
499,451,2
499,11,5
499,12,5
499,99,1
500,66,2
500,11,5
500,18,5
500,101,1
501,177,5
501,108,2
501,99,6
501,467,3
502,468,5
502,108,2
502,274,3
502,126,6
503,90,1
503,469,10
503,43,3
504,28,2
504,453,5
504,29,5
504,119,1
505,126,10
505,121,8
505,70,2
505,467,10
506,123,1
506,121,3
506,108,1
506,131,5
507,123,1
507,121,3
507,108,1
507,131,5
508,124,1
508,88,4
508,90,1
508,467,3
509,124,1
509,88,4
509,90,1
509,120,3
510,23,2
510,88,4
510,121,2
510,129,3
511,23,2
511,88,4
511,121,2
511,119,3
512,124,1
512,88,4
512,90,1
512,467,3
513,124,1
513,88,4
513,90,1
513,120,3
514,23,2
514,88,4
514,121,2
514,129,3
515,23,2
515,88,4
515,121,2
515,119,3
516,465,2
516,453,5
516,30,5
516,129,1
517,470,4
517,131,2
517,20,4
517,78,2
518,125,3
518,91,5
518,471,3
518,27,3
519,125,3
519,91,5
519,471,3
519,27,3
520,134,3
520,36,4
520,472,10
520,136,1
521,134,3
521,36,4
521,472,10
521,136,1
522,137,1
522,138,3
522,141,2
522,7,8
523,137,1
523,138,3
523,139,1
523,7,8
524,143,2
524,144,1
524,70,4
524,452,2
525,143,2
525,144,1
525,70,4
525,452,2
526,143,2
526,144,1
526,70,4
526,452,2
527,143,2
527,144,1
527,70,4
527,452,2
528,146,1
528,147,3
528,148,1
528,102,3
529,146,1
529,147,3
529,148,1
529,102,3
530,149,2
530,150,3
530,10,3
530,152,3
531,149,2
531,150,3
531,10,3
531,152,3
532,153,1
532,154,3
532,473,2
532,115,1
533,153,1
533,154,3
533,473,2
533,115,1
534,156,2
534,157,3
534,52,2
534,23,2
535,156,2
535,157,3
535,52,2
535,23,2
536,160,2
536,474,1
536,78,2
536,172,1
537,160,2
537,474,1
537,78,2
537,172,1
538,161,1
538,43,3
538,39,2
538,23,1
539,161,1
539,43,3
539,39,2
539,23,1
540,164,2
540,165,2
540,172,1
540,108,1
541,164,2
541,165,2
541,172,1
541,108,1
542,475,4
542,115,2
542,58,3
542,124,1
543,475,4
543,115,2
543,58,3
543,124,1
544,475,4
544,115,2
544,58,3
544,124,1
545,475,4
545,115,2
545,58,3
545,124,1
546,170,2
546,171,2
546,175,3
546,115,2
547,170,2
547,171,2
547,175,3
547,115,2
548,173,2
548,123,1
548,160,1
548,78,2
549,173,2
549,123,1
549,160,1
549,78,2
550,476,1
550,171,2
550,115,3
550,172,1
551,476,1
551,171,2
551,115,3
551,172,1
552,176,1
552,48,1
552,177,1
553,176,1
553,48,1
553,177,1
554,178,2
554,179,3
554,180,3
554,477,1
555,178,2
555,179,3
555,180,3
555,477,1
556,182,3
556,181,2
556,478,3
556,81,1
557,182,3
557,181,2
557,478,3
557,81,1
558,186,3
558,185,2
558,27,3
558,81,2
559,186,3
559,185,2
559,27,3
559,81,2
560,187,3
560,188,3
560,189,1
561,191,2
561,6,2
561,78,3
561,194,1
562,191,3
562,7,6
562,78,4
562,196,3
563,191,4
563,208,5
563,77,2
563,95,2
564,191,4
564,208,5
564,77,2
564,95,2
565,194,1
565,190,3
565,192,3
565,224,1
566,194,1
566,190,3
566,192,3
566,224,1
567,190,4
567,204,2
567,188,4
567,78,4
568,190,4
568,204,2
568,188,4
568,78,4
569,195,4
569,196,6
569,78,4
569,187,2
570,195,4
570,196,6
570,78,4
570,187,2
571,197,3
571,198,3
571,21,2
571,20,10
572,197,3
572,198,3
572,22,5
572,20,10
573,191,5
573,23,1
573,196,3
573,7,12
574,191,5
574,23,1
574,196,3
574,7,12
575,200,1
575,23,2
575,78,12
575,217,2
576,202,3
576,203,3
576,24,1
576,20,10
577,202,3
577,203,3
577,24,1
577,20,10
578,219,3
578,204,4
578,191,3
578,95,5
579,219,3
579,204,4
579,191,3
579,95,5
580,207,6
580,208,9
580,191,4
580,194,3
581,207,6
581,208,9
581,191,4
581,194,3
582,230,2
582,211,3
582,34,1
582,81,3
583,230,2
583,211,3
583,34,1
583,81,3
584,213,4
584,214,5
584,23,2
584,310,3
585,213,4
585,214,5
585,23,2
585,310,3
586,215,3
586,212,4
586,243,6
586,192,3
587,215,3
587,212,4
587,243,6
587,192,3
588,217,5
588,199,3
588,40,10
588,28,3
589,217,5
589,199,3
589,40,10
589,28,3
590,266,1
590,220,3
590,199,6
590,386,3
591,266,1
591,220,3
591,199,6
591,386,3
592,223,3
592,45,2
592,192,3
592,194,3
593,223,3
593,45,2
593,192,3
593,194,3
594,225,3
594,479,2
594,226,5
594,480,1
595,225,3
595,479,2
595,226,5
595,480,1
596,229,5
596,115,1
596,209,3
596,78,10
597,229,5
597,115,1
597,209,3
597,78,10
598,233,3
598,232,2
598,213,2
598,192,3
599,233,3
599,232,2
599,213,2
599,192,3
600,234,3
600,235,1
600,236,3
600,477,1
601,234,3
601,235,1
601,236,3
601,477,1
602,481,4
602,240,4
602,459,4
602,219,2
603,481,4
603,240,4
603,459,4
603,219,2
604,241,3
604,163,2
604,258,3
604,196,3
605,241,3
605,163,2
605,258,3
605,196,3
606,244,3
606,69,6
606,191,4
606,256,4
607,244,3
607,69,6
607,191,4
607,256,4
608,323,1
608,246,3
608,183,2
608,200,1
609,323,1
609,246,3
609,183,2
609,200,1
610,482,3
610,249,2
610,483,4
610,310,4
611,482,3
611,249,2
611,483,4
611,310,4
612,484,3
612,252,2
612,251,3
612,221,2
613,484,3
613,252,2
613,251,3
613,221,2
614,254,3
614,485,3
614,221,2
614,200,1
615,254,3
615,485,3
615,221,2
615,200,1
616,486,1
616,169,1
616,255,2
616,221,2
617,486,1
617,169,1
617,255,2
617,221,2
618,257,5
618,82,2
618,81,2
618,115,2
619,257,5
619,82,2
619,81,2
619,115,2
620,258,4
620,3,6
620,187,2
620,190,2
621,191,2
621,259,2
621,78,4
621,205,3
622,192,4
622,191,2
622,77,2
622,85,3
623,192,4
623,191,2
623,77,2
623,85,3
624,208,4
624,224,1
624,95,4
624,243,10
625,208,4
625,224,1
625,95,4
625,243,10
626,190,4
626,470,3
626,191,4
626,259,5
627,190,4
627,470,3
627,191,4
627,259,5
628,260,4
628,258,3
628,85,2
628,20,10
629,260,4
629,258,3
629,85,2
629,20,10
630,197,3
630,198,3
630,189,2
630,487,4
631,197,3
631,198,3
631,189,2
631,487,4
632,228,1
632,191,5
632,105,1
632,7,8
633,228,1
633,191,5
633,105,1
633,7,8
634,200,1
634,259,3
634,23,2
634,217,2
635,202,3
635,203,3
635,189,2
635,115,1
636,202,3
636,203,3
636,189,2
636,115,1
637,204,6
637,189,3
637,219,3
637,267,6
638,204,6
638,189,3
638,219,3
638,267,6
639,207,6
639,189,3
639,217,2
639,192,2
640,207,6
640,189,3
640,217,2
640,192,2
641,231,2
641,261,3
641,190,1
641,194,3
642,231,2
642,261,3
642,190,1
642,194,3
643,262,2
643,263,3
643,7,10
643,3,20
644,262,2
644,263,3
644,7,10
644,3,20
645,215,3
645,212,4
645,243,6
645,189,3
646,215,3
646,212,4
646,243,6
646,189,3
647,264,4
647,199,3
647,40,10
647,192,2
648,264,4
648,199,3
648,40,10
648,192,2
649,265,3
649,266,1
649,221,1
649,386,3
650,265,3
650,266,1
650,221,1
650,386,3
651,223,4
651,189,1
651,70,3
651,205,4
652,223,4
652,189,1
652,70,3
652,205,4
653,229,5
653,237,1
653,209,3
653,7,20
654,229,5
654,237,1
654,209,3
654,7,20
655,268,3
655,269,4
655,199,3
655,53,3
656,268,3
656,269,4
656,199,3
656,53,3
657,241,3
657,246,2
657,205,3
657,20,8
658,241,3
658,246,2
658,205,3
658,20,8
659,244,3
659,69,6
659,81,3
659,201,2
660,244,3
660,69,6
660,81,3
660,201,2
661,488,1
661,169,1
661,270,2
661,221,2
662,488,1
662,169,1
662,270,2
662,221,2
663,271,5
663,86,2
663,221,2
663,378,1
664,271,5
664,86,2
664,221,2
664,378,1
665,489,5
665,108,2
665,120,6
665,273,3
666,490,3
666,108,2
666,277,3
666,491,4
667,256,4
667,272,6
667,311,6
667,120,10
668,275,1
668,124,1
668,108,1
668,492,2
669,275,1
669,124,1
669,108,1
669,492,2
670,237,2
670,114,1
670,124,1
670,485,4
671,237,2
671,114,1
671,124,1
671,123,3
672,200,1
672,108,2
672,124,1
672,233,3
673,200,1
673,108,2
673,124,1
673,232,6
674,237,2
674,114,1
674,124,1
674,485,4
675,237,2
675,114,1
675,124,1
675,123,3
676,200,1
676,108,2
676,124,1
676,233,3
677,200,1
677,108,2
677,124,1
677,232,6
678,278,1
678,255,2
678,169,1
678,221,2
679,278,1
679,255,2
679,169,1
679,221,2
680,279,1
680,298,3
680,349,2
680,281,3
681,279,1
681,298,3
681,349,2
681,281,3
682,282,1
682,283,1
682,284,2
683,282,1
683,284,4
683,285,2
683,474,2
684,256,2
684,143,3
684,70,8
684,209,3
685,256,2
685,143,3
685,70,8
685,209,3
686,256,2
686,143,3
686,70,8
686,209,3
687,256,2
687,143,3
687,70,8
687,209,3
688,149,2
688,242,2
688,10,3
688,152,3
689,149,2
689,242,2
689,10,3
689,152,3
690,288,2
690,157,3
690,265,2
690,237,2
691,288,2
691,157,3
691,265,2
691,237,2
692,277,2
692,474,2
692,191,4
692,172,2
693,277,2
693,474,2
693,191,4
693,172,2
694,291,1
694,161,3
694,266,1
694,200,1
695,291,1
695,161,3
695,266,1
695,200,1
696,493,4
696,276,2
696,477,1
696,124,3
697,493,4
697,276,2
697,477,1
697,124,3
698,493,4
698,276,2
698,477,1
698,124,3
699,493,4
699,276,2
699,477,1
699,124,3
700,295,2
700,296,1
700,277,1
700,256,2
701,295,2
701,296,1
701,277,1
701,256,2
702,276,2
702,280,3
702,237,3
702,172,3
703,276,2
703,280,3
703,237,3
703,172,3
704,302,2
704,494,3
704,301,2
704,253,1
705,302,2
705,494,3
705,301,2
705,253,1
706,495,2
706,305,3
706,306,2
706,378,5
707,495,2
707,305,3
707,306,2
707,378,5
708,220,2
708,114,1
708,496,5
709,275,1
709,124,1
709,189,3
709,321,2
710,275,1
710,124,1
710,189,3
710,321,2
711,310,3
711,88,4
711,272,2
711,122,3
712,310,3
712,88,4
712,272,2
712,274,3
713,310,3
713,88,4
713,272,2
713,122,3
714,310,3
714,88,4
714,272,2
714,274,3
715,192,4
715,125,5
715,114,1
715,199,8
716,192,4
716,125,5
716,114,1
716,199,8
717,214,4
717,134,5
717,497,1
717,136,1
718,214,4
718,134,5
718,497,1
718,136,1
719,314,3
719,315,2
719,316,2
719,477,1
720,314,3
720,315,2
720,316,2
720,477,1
721,318,3
721,317,2
721,191,4
721,323,1
722,318,3
722,317,2
722,191,4
722,323,1
723,320,3
723,498,3
723,287,3
723,221,2
724,320,3
724,498,3
724,287,3
724,221,2
725,322,3
725,321,3
725,303,1
725,323,1
726,322,3
726,321,3
726,303,1
726,323,1
727,309,3
727,499,3
727,253,1
727,166,1
728,309,3
728,499,3
728,253,1
728,166,1
729,325,4
729,500,3
729,292,3
729,124,3
730,325,4
730,276,2
730,292,3
730,124,3
731,325,4
731,500,3
731,292,3
731,124,3
732,325,4
732,276,2
732,292,3
732,124,3
733,329,2
733,501,3
733,328,2
733,253,1
734,329,2
734,501,3
734,328,2
734,253,1
735,331,2
735,502,3
735,330,2
735,299,1
736,331,2
736,502,3
736,330,2
736,299,1
737,346,2
737,333,3
737,334,1
737,350,3
738,346,2
738,333,3
738,334,1
738,350,3
739,335,3
739,212,4
739,194,6
739,113,3
740,335,3
740,212,4
740,194,6
740,113,3
741,337,5
741,199,3
741,339,1
741,503,6
742,337,5
742,199,3
742,339,1
742,503,6
743,340,3
743,385,1
743,199,6
743,386,3
744,340,3
744,385,1
744,199,6
744,386,3
745,344,4
745,223,4
745,113,3
745,194,4
746,344,4
746,223,4
746,113,3
746,194,4
747,138,3
747,141,4
747,226,4
747,350,5
748,138,3
748,141,4
748,226,4
748,350,5
749,347,5
749,237,8
749,504,3
749,350,4
750,347,5
750,237,8
750,504,3
750,350,4
751,352,3
751,351,2
751,233,2
751,350,4
752,352,3
752,351,2
752,233,2
752,350,4
753,354,3
753,235,1
753,234,4
753,477,2
754,354,3
754,235,1
754,234,4
754,477,2
755,505,4
755,355,4
755,506,3
755,503,6
756,505,4
756,355,4
756,506,3
756,503,6
757,357,3
757,163,2
757,258,4
757,507,3
758,357,3
758,163,2
758,258,4
758,507,3
759,360,3
759,245,4
759,350,4
759,256,4
760,360,3
760,245,4
760,350,4
760,256,4
761,362,3
761,444,1
761,319,2
761,339,1
762,362,3
762,444,1
762,319,2
762,339,1
763,508,3
763,365,2
763,509,4
763,354,4
764,508,3
764,365,2
764,509,4
764,354,4
765,367,5
765,155,3
765,412,2
765,354,4
766,367,5
766,155,3
766,412,2
766,354,4
767,510,2
767,511,2
767,369,3
767,341,2
768,510,2
768,511,2
768,369,3
768,341,2
769,371,3
769,512,3
769,341,2
769,339,1
770,371,3
770,512,3
770,341,2
770,339,1
771,513,1
771,375,2
771,255,4
771,221,6
772,513,1
772,375,2
772,255,4
772,221,6
773,377,5
773,257,6
773,341,4
773,514,4
774,377,5
774,257,6
774,341,4
774,514,4
775,515,2
775,379,3
775,516,1
775,350,3
776,515,2
776,379,3
776,516,1
776,350,3
777,380,3
777,212,4
777,507,2
777,359,6
778,380,3
778,212,4
778,507,2
778,359,6
779,383,4
779,339,1
779,40,10
779,113,2
780,383,4
780,339,1
780,40,10
780,113,2
781,384,3
781,266,1
781,221,4
781,411,3
782,384,3
782,266,1
782,221,4
782,411,3
783,388,3
783,395,1
783,507,1
783,144,6
784,388,3
784,395,1
784,507,1
784,144,6
785,390,3
785,389,2
785,269,2
785,113,3
786,390,3
786,389,2
786,269,2
786,113,3
787,391,3
787,517,2
787,315,3
787,507,3
788,391,3
788,517,2
788,315,3
788,507,3
789,393,3
789,394,1
789,341,3
789,376,2
790,393,3
790,394,1
790,341,3
790,376,2
791,518,1
791,397,2
791,270,4
791,376,4
792,518,1
792,397,2
792,270,4
792,376,4
793,399,5
793,271,6
793,341,4
793,519,1
794,399,5
794,271,6
794,341,4
794,519,1
795,339,1
795,345,1
795,113,3
796,520,5
796,410,1
796,521,6
796,406,3
797,522,5
797,468,5
797,108,2
797,521,4
798,522,5
798,490,5
798,108,2
798,406,4
799,523,2
799,403,2
799,401,2
799,404,2
800,403,1
800,524,4
800,283,3
800,404,3
801,405,1
801,521,10
801,407,12
801,111,1
802,405,1
802,521,10
802,407,12
802,111,1
803,376,2
803,143,3
803,113,8
803,504,4
804,376,2
804,143,3
804,113,8
804,504,4
805,376,2
805,143,3
805,113,8
805,504,4
806,376,2
806,143,3
806,113,8
806,504,4
807,413,2
807,288,3
807,417,2
807,289,1
808,413,2
808,288,3
808,417,2
808,289,1
809,415,2
809,525,2
809,172,4
809,410,1
810,415,2
810,525,2
810,172,4
810,410,1
811,408,1
811,526,2
811,385,1
811,339,3
812,408,1
812,526,2
812,385,1
812,339,3
813,419,3
813,527,1
813,420,3
813,417,3
814,419,3
814,527,1
814,420,3
814,417,3
815,422,2
815,423,1
815,415,1
815,376,2
816,422,2
816,423,1
816,415,1
816,376,2
817,528,3
817,276,2
817,172,3
817,299,1
818,528,3
818,276,2
818,172,3
818,299,1
819,427,2
819,428,2
819,529,2
819,410,1
820,427,2
820,428,2
820,529,2
820,410,1
821,432,2
821,530,3
821,531,3
821,373,1
822,432,2
822,530,3
822,531,3
822,373,1
823,532,3
823,433,2
823,533,3
823,436,1
824,532,3
824,433,2
824,533,3
824,436,1
825,113,4
825,125,5
825,114,2
825,342,4
826,113,4
826,125,5
826,114,2
826,342,4
827,350,5
827,352,4
827,134,5
827,437,1
828,350,5
828,352,4
828,134,5
828,437,1
829,439,3
829,438,2
829,350,4
829,444,1
830,439,3
830,438,2
830,350,4
830,444,1
831,441,3
831,534,3
831,412,3
831,341,2
832,441,3
832,534,3
832,412,3
832,341,2
833,404,3
833,442,3
833,158,1
833,444,1
834,404,3
834,442,3
834,158,1
834,444,1
835,445,3
835,535,3
835,373,1
835,253,1
836,445,3
836,535,3
836,373,1
836,253,1
837,435,5
837,405,1
837,370,1
837,410,1
838,435,5
838,405,1
838,370,1
838,410,1
839,435,5
839,405,1
839,370,1
839,410,1
840,435,5
840,405,1
840,370,1
840,410,1
841,448,2
841,447,3
841,536,2
841,370,1
842,448,2
842,447,3
842,536,2
842,370,1
843,450,2
843,537,3
843,449,2
843,414,1
844,450,2
844,537,3
844,449,2
844,414,1
845,1,1
846,4,1
846,1,1
847,3,2
847,4,3
848,3,2
848,5,1
848,471,2
849,3,2
849,5,1
849,471,2
850,4,5
850,1,2
850,12,1
851,4,5
851,1,2
851,12,1
852,12,2
852,3,5
852,1,1
853,12,2
853,3,5
853,1,1
854,6,1
854,3,3
854,14,2
854,15,2
855,6,1
855,3,3
855,16,10
855,17,3
856,18,3
856,19,2
856,14,1
856,2,3
857,18,3
857,19,2
857,14,1
857,2,3
858,21,3
858,3,3
858,14,2
859,22,4
859,3,3
859,14,2
860,7,3
860,3,4
860,20,2
861,7,3
861,3,4
861,20,2
862,107,3
862,25,3
862,3,5
862,27,1
863,107,3
863,25,3
863,3,5
863,27,1
864,538,5
864,29,4
864,3,2
864,8,1
865,538,5
865,29,4
865,3,2
865,8,1
866,7,10
866,3,10
866,2,6
867,465,3
867,539,5
867,30,4
867,3,2
868,465,3
868,539,5
868,30,4
868,3,2
869,8,3
869,33,2
869,34,2
870,8,3
870,33,2
870,34,2
871,35,1
871,36,3
871,2,6
871,27,1
872,35,1
872,36,3
872,2,6
872,27,1
873,37,2
873,38,3
873,243,4
873,70,1
874,37,2
874,38,3
874,243,4
874,70,1
875,78,2
875,40,2
875,7,2
875,39,3
876,78,2
876,40,2
876,7,2
876,39,3
877,42,1
877,43,2
877,3,6
877,145,1
878,42,1
878,43,2
878,3,6
878,145,1
879,44,1
879,45,2
879,7,2
879,38,4
880,44,1
880,45,2
880,7,2
880,38,4
881,49,1
881,27,1
881,455,2
881,46,3
882,49,1
882,27,1
882,455,2
882,46,3
883,48,1
883,49,1
883,14,4
883,3,3
884,48,1
884,49,1
884,14,4
884,3,3
885,456,3
885,50,2
885,5,2
885,4,3
886,456,3
886,50,2
886,5,2
886,4,3
887,51,3
887,40,2
887,7,2
887,144,2
888,51,3
888,40,2
888,7,2
888,144,2
889,42,1
889,52,2
889,3,6
889,145,1
890,42,1
890,52,2
890,3,6
890,145,1
891,53,2
891,27,1
891,36,3
891,54,1
892,53,2
892,27,1
892,36,3
892,54,1
893,55,3
893,7,5
893,452,3
893,15,20
894,55,3
894,7,5
894,452,3
894,15,20
895,457,2
895,58,1
895,57,3
895,27,4
896,457,2
896,58,1
896,57,3
896,27,4
897,458,5
897,61,4
897,459,2
897,81,1
898,458,5
898,61,4
898,540,1
898,81,1
899,64,4
899,98,3
899,38,2
899,34,1
900,64,4
900,98,3
900,38,2
900,34,1
901,541,1
901,68,2
901,14,4
901,20,3
902,541,1
902,68,2
902,14,4
902,20,3
903,81,1
903,72,2
903,71,2
903,7,2
904,81,1
904,72,2
904,71,2
904,7,2
905,74,2
905,460,2
905,461,3
905,7,5
906,74,2
906,460,2
906,461,3
906,7,5
907,462,2
907,77,3
907,7,1
907,115,1
908,542,2
908,77,3
908,7,1
908,115,1
909,80,3
909,151,2
909,81,1
910,80,3
910,151,2
910,81,1
911,82,6
911,102,4
911,65,5
911,78,3
912,82,6
912,102,4
912,65,5
912,78,3
913,85,3
913,151,2
913,81,1
914,85,3
914,151,2
914,81,1
915,86,6
915,487,4
915,65,5
915,78,3
916,86,6
916,487,4
916,65,5
916,78,3
917,92,2
917,5,1
917,20,2
918,543,2
918,38,3
918,12,3
918,99,1
919,544,2
919,38,3
919,18,3
919,101,1
920,538,4
920,38,3
920,29,3
920,119,1
921,99,15
921,121,10
921,70,2
921,545,12
922,123,1
922,121,3
922,108,1
922,71,5
923,123,1
923,121,3
923,108,1
923,71,5
924,124,1
924,134,4
924,90,1
924,119,3
925,124,1
925,134,4
925,90,1
925,129,3
926,23,2
926,134,4
926,121,2
926,546,3
927,23,2
927,134,4
927,121,2
927,545,3
928,124,1
928,134,4
928,90,1
928,119,3
929,124,1
929,134,4
929,90,1
929,129,3
930,23,2
930,134,4
930,121,2
930,546,3
931,23,2
931,134,4
931,121,2
931,545,3
932,539,4
932,38,3
932,30,3
932,129,1
933,150,5
933,131,2
933,144,1
933,78,2
934,125,2
934,20,3
934,547,4
934,548,3
935,125,2
935,20,3
935,547,4
935,548,3
936,134,2
936,36,3
936,47,5
936,136,1
937,134,2
937,36,3
937,47,5
937,136,1
938,137,1
938,138,3
938,141,2
938,109,5
939,137,1
939,138,3
939,141,2
939,109,5
940,143,1
940,144,1
940,103,1
940,206,2
941,143,1
941,144,1
941,103,1
941,206,2
942,143,1
942,144,1
942,103,1
942,206,2
943,143,1
943,144,1
943,103,1
943,206,2
944,146,1
944,147,1
944,148,1
944,115,1
945,146,1
945,147,1
945,148,1
945,115,1
946,149,2
946,150,2
946,460,3
946,152,1
947,149,2
947,150,2
947,460,3
947,152,1
948,153,1
948,154,3
948,155,1
948,150,2
949,153,1
949,154,3
949,155,1
949,150,2
950,549,1
950,156,3
950,152,3
950,105,5
951,549,1
951,156,3
951,152,3
951,105,5
952,160,3
952,550,1
952,201,3
952,152,3
953,160,3
953,550,1
953,201,3
953,152,3
954,161,1
954,43,2
954,39,3
954,145,2
955,161,1
955,43,2
955,39,3
955,145,2
956,165,1
956,164,2
956,115,2
956,108,1
957,165,1
957,164,2
957,115,2
957,108,1
958,167,5
958,152,2
958,76,1
958,124,1
959,167,5
959,152,2
959,76,1
959,124,1
960,167,5
960,152,2
960,76,1
960,124,1
961,167,5
961,152,2
961,76,1
961,124,1
962,421,3
962,171,1
962,170,1
962,115,2
963,421,3
963,171,1
963,170,1
963,115,2
964,173,2
964,551,2
964,201,2
964,78,3
965,173,2
965,551,2
965,201,2
965,78,3
966,552,3
966,553,2
966,115,2
966,172,1
967,552,3
967,553,2
967,115,2
967,172,1
968,176,1
968,48,1
968,177,1
969,176,1
969,48,1
969,177,1
970,178,1
970,179,2
970,180,4
970,81,3
971,178,1
971,179,2
971,180,4
971,81,3
972,181,2
972,182,4
972,131,4
972,70,4
973,181,2
973,182,4
973,131,4
973,70,4
974,186,2
974,185,3
974,492,1
974,7,5
975,554,2
975,185,3
975,492,1
975,7,5
976,187,2
976,188,1
976,189,1
977,191,1
977,7,10
977,6,2
977,194,1
978,191,2
978,7,10
978,187,2
979,191,3
979,7,8
979,243,3
979,190,2
980,191,3
980,7,8
980,243,3
980,190,2
981,287,1
981,190,2
981,192,4
981,81,2
982,287,1
982,190,2
982,192,4
982,81,2
983,190,3
983,71,3
983,77,3
983,81,2
984,190,3
984,71,3
984,77,3
984,81,2
985,195,3
985,196,5
985,192,1
985,555,2
986,195,3
986,196,5
986,192,1
986,555,2
987,197,1
987,198,4
987,21,3
987,199,1
988,197,1
988,198,4
988,556,1
988,199,1
989,191,5
989,23,1
989,78,10
989,103,4
990,191,5
990,23,1
990,78,10
990,103,4
991,200,1
991,23,2
991,78,10
991,7,10
992,202,1
992,203,4
992,107,6
992,199,1
993,202,1
993,203,4
993,107,6
993,199,1
994,204,4
994,205,6
994,191,5
994,28,3
995,204,4
995,205,6
995,191,5
995,28,3
996,207,4
996,208,6
996,115,1
996,465,3
997,207,4
997,208,6
997,115,1
997,465,3
998,230,3
998,211,2
998,34,2
999,230,3
999,211,2
999,34,2
1000,213,5
1000,214,2
1000,7,15
1000,3,20
1001,213,5
1001,214,2
1001,7,15
1001,3,20
1002,215,2
1002,38,6
1002,212,4
1002,144,2
1003,215,2
1003,38,6
1003,212,4
1003,144,2
1004,217,4
1004,199,2
1004,40,8
1004,204,2
1005,217,4
1005,199,2
1005,40,8
1005,204,2
1006,220,2
1006,191,2
1006,286,2
1006,81,2
1007,220,2
1007,191,2
1007,286,2
1007,81,2
1008,222,2
1008,223,2
1008,191,2
1008,38,4
1009,222,2
1009,223,2
1009,191,2
1009,38,4
1010,225,4
1010,479,3
1010,487,2
1010,195,4
1011,225,4
1011,479,3
1011,487,2
1011,195,4
1012,229,3
1012,78,5
1012,209,3
1012,310,6
1013,229,3
1013,78,5
1013,209,3
1013,310,6
1014,232,1
1014,233,3
1014,199,1
1014,213,3
1015,232,1
1015,233,3
1015,199,1
1015,213,3
1016,234,2
1016,58,2
1016,236,4
1016,221,3
1017,234,2
1017,58,2
1017,236,4
1017,221,3
1018,481,5
1018,240,3
1018,540,1
1018,221,2
1019,481,5
1019,240,3
1019,540,1
1019,221,2
1020,241,2
1020,557,2
1020,451,2
1020,194,2
1021,241,2
1021,557,2
1021,451,2
1021,194,2
1022,244,2
1022,541,2
1022,310,2
1022,192,5
1023,244,2
1023,541,2
1023,310,2
1023,192,5
1024,319,1
1024,247,2
1024,246,3
1024,78,4
1025,319,1
1025,247,2
1025,246,3
1025,78,4
1026,482,4
1026,249,3
1026,483,6
1026,281,2
1027,482,4
1027,249,3
1027,483,6
1027,281,2
1028,251,2
1028,491,4
1028,461,3
1028,200,1
1029,251,2
1029,491,4
1029,461,3
1029,200,1
1030,254,2
1030,221,3
1030,485,3
1030,256,3
1031,254,2
1031,221,3
1031,542,4
1031,256,3
1032,255,3
1032,169,1
1032,151,4
1032,81,4
1033,255,3
1033,169,1
1033,151,4
1033,81,4
1034,257,2
1034,82,6
1034,221,1
1034,237,1
1035,257,2
1035,82,6
1035,221,1
1035,237,1
1036,258,2
1036,3,4
1036,188,2
1036,190,1
1037,191,1
1037,259,3
1037,7,10
1037,187,2
1038,192,3
1038,191,1
1038,102,3
1038,86,2
1039,192,3
1039,191,1
1039,102,3
1039,86,2
1040,208,2
1040,221,1
1040,5,4
1040,192,3
1041,208,2
1041,221,1
1041,5,4
1041,192,3
1042,190,3
1042,81,3
1042,191,2
1042,115,1
1043,190,3
1043,81,3
1043,191,2
1043,115,1
1044,260,2
1044,258,2
1044,86,1
1044,81,2
1045,260,2
1045,258,2
1045,86,1
1045,81,2
1046,197,1
1046,198,4
1046,189,2
1046,23,2
1047,197,1
1047,198,4
1047,189,2
1047,556,1
1048,191,5
1048,115,2
1048,78,5
1048,103,2
1049,191,5
1049,115,2
1049,78,5
1049,103,2
1050,200,1
1050,259,3
1050,23,2
1050,78,10
1051,202,1
1051,203,4
1051,189,2
1051,144,4
1052,202,1
1052,203,4
1052,189,2
1052,144,4
1053,204,4
1053,189,2
1053,191,5
1053,267,4
1054,204,4
1054,189,2
1054,191,5
1054,267,4
1055,207,4
1055,189,2
1055,191,5
1055,217,2
1056,207,4
1056,189,2
1056,191,5
1056,217,2
1057,231,3
1057,261,2
1057,190,2
1057,194,3
1058,231,3
1058,261,2
1058,190,2
1058,194,3
1059,262,3
1059,263,2
1059,7,15
1059,81,2
1060,262,3
1060,263,2
1060,7,15
1060,81,2
1061,215,2
1061,38,6
1061,212,4
1061,189,2
1062,215,2
1062,38,6
1062,212,4
1062,189,2
1063,264,3
1063,199,2
1063,40,8
1063,204,2
1064,264,3
1064,199,2
1064,40,8
1064,204,2
1065,265,3
1065,266,1
1065,310,4
1065,386,3
1066,265,3
1066,266,1
1066,310,4
1066,386,3
1067,223,3
1067,189,2
1067,192,4
1067,71,4
1068,223,3
1068,189,2
1068,192,4
1068,71,4
1069,229,3
1069,191,5
1069,209,3
1069,7,20
1070,229,3
1070,191,5
1070,209,3
1070,7,20
1071,268,2
1071,269,3
1071,199,2
1071,191,3
1072,268,2
1072,269,3
1072,199,2
1072,191,3
1073,241,2
1073,64,4
1073,281,2
1073,194,2
1074,241,2
1074,64,4
1074,281,2
1074,194,2
1075,244,2
1075,541,2
1075,221,1
1075,201,1
1076,244,2
1076,541,2
1076,221,1
1076,201,1
1077,270,3
1077,169,1
1077,151,4
1077,219,3
1078,270,3
1078,169,1
1078,151,4
1078,219,3
1079,271,2
1079,86,6
1079,221,3
1079,287,3
1080,271,2
1080,86,6
1080,221,3
1080,287,3
1081,256,4
1081,272,8
1081,126,13
1081,122,12
1082,275,1
1082,124,1
1082,108,1
1082,246,5
1083,275,1
1083,124,1
1083,108,1
1083,246,5
1084,237,1
1084,114,1
1084,124,1
1084,493,2
1085,237,1
1085,114,1
1085,124,1
1085,488,3
1086,200,1
1086,108,2
1086,124,1
1086,498,5
1087,200,1
1087,108,2
1087,124,1
1087,320,4
1088,237,1
1088,114,1
1088,124,1
1088,493,2
1089,237,1
1089,114,1
1089,124,1
1089,488,3
1090,200,1
1090,108,2
1090,124,1
1090,498,5
1091,200,1
1091,108,2
1091,124,1
1091,320,4
1092,278,1
1092,255,3
1092,169,1
1092,81,4
1093,278,1
1093,255,3
1093,169,1
1093,81,4
1094,279,1
1094,280,2
1094,267,2
1094,281,2
1095,279,1
1095,280,2
1095,267,2
1095,281,2
1096,282,1
1096,322,1
1096,558,2
1097,282,1
1097,558,2
1097,201,2
1097,281,2
1098,256,1
1098,143,2
1098,559,2
1098,206,3
1099,256,1
1099,143,2
1099,559,2
1099,206,3
1100,256,1
1100,143,2
1100,559,2
1100,206,3
1101,256,1
1101,143,2
1101,559,2
1101,206,3
1102,149,2
1102,252,3
1102,150,2
1102,152,2
1103,149,2
1103,252,3
1103,150,2
1103,152,2
1104,560,2
1104,288,3
1104,152,4
1104,172,2
1105,560,2
1105,288,3
1105,152,4
1105,172,2
1106,277,3
1106,561,1
1106,285,3
1106,152,5
1107,277,3
1107,561,1
1107,285,3
1107,152,5
1108,291,1
1108,161,3
1108,217,2
1108,286,3
1109,291,1
1109,161,3
1109,217,2
1109,286,3
1110,293,5
1110,172,4
1110,303,1
1110,124,3
1111,293,5
1111,172,4
1111,303,1
1111,124,3
1112,293,5
1112,172,4
1112,303,1
1112,124,3
1113,293,5
1113,172,4
1113,303,1
1113,124,3
1114,295,2
1114,551,1
1114,285,2
1114,256,3
1115,295,2
1115,551,1
1115,285,2
1115,256,3
1116,280,4
1116,553,3
1116,237,2
1116,172,3
1117,280,4
1117,553,3
1117,237,2
1117,172,3
1118,302,2
1118,494,1
1118,275,3
1118,323,1
1119,302,2
1119,494,1
1119,275,3
1119,323,1
1120,495,2
1120,305,2
1120,306,3
1120,237,5
1121,495,2
1121,305,2
1121,306,3
1121,237,5
1122,275,1
1122,124,1
1122,259,3
1122,247,3
1123,275,1
1123,124,1
1123,259,3
1123,247,3
1124,310,3
1124,134,4
1124,272,2
1124,273,3
1125,310,3
1125,134,4
1125,272,2
1125,562,3
1126,310,3
1126,134,4
1126,272,2
1126,273,3
1127,310,3
1127,134,4
1127,272,2
1127,562,3
1128,192,3
1128,125,4
1128,114,1
1128,563,5
1129,192,3
1129,125,4
1129,114,1
1129,563,5
1130,213,8
1130,134,4
1130,313,1
1130,136,1
1131,213,8
1131,134,4
1131,313,1
1131,136,1
1132,314,2
1132,315,5
1132,178,2
1132,221,3
1133,314,2
1133,315,5
1133,178,2
1133,221,3
1134,317,2
1134,318,4
1134,221,3
1134,158,1
1135,317,2
1135,318,4
1135,221,3
1135,158,1
1136,320,2
1136,498,3
1136,221,3
1136,191,3
1137,320,2
1137,554,3
1137,221,3
1137,191,3
1138,321,3
1138,322,3
1138,319,1
1138,323,1
1139,321,3
1139,322,3
1139,319,1
1139,323,1
1140,309,2
1140,499,3
1140,253,1
1140,307,2
1141,309,2
1141,564,3
1141,253,1
1141,307,2
1142,325,5
1142,172,4
1142,319,2
1142,124,3
1143,325,5
1143,172,4
1143,319,2
1143,124,3
1144,325,5
1144,172,4
1144,319,2
1144,124,3
1145,325,5
1145,172,4
1145,319,2
1145,124,3
1146,329,2
1146,501,1
1146,565,3
1146,323,1
1147,329,2
1147,501,1
1147,565,3
1147,323,1
1148,331,2
1148,502,1
1148,566,3
1148,289,1
1149,331,2
1149,502,1
1149,566,3
1149,289,1
1150,346,3
1150,333,2
1150,334,2
1150,194,2
1151,346,3
1151,333,2
1151,334,2
1151,194,2
1152,335,2
1152,359,6
1152,212,4
1152,256,2
1153,335,2
1153,359,6
1153,212,4
1153,256,2
1154,337,4
1154,342,2
1154,339,1
1154,219,4
1155,337,4
1155,342,2
1155,339,1
1155,219,4
1156,340,2
1156,350,4
1156,286,4
1156,221,4
1157,340,2
1157,350,4
1157,286,4
1157,221,4
1158,343,2
1158,344,3
1158,359,3
1158,310,4
1159,343,2
1159,344,3
1159,359,3
1159,310,4
1160,138,4
1160,141,3
1160,139,3
1160,346,3
1161,138,4
1161,141,3
1161,139,3
1161,346,3
1162,347,3
1162,354,3
1162,504,3
1162,350,4
1163,347,3
1163,354,3
1163,504,3
1163,350,4
1164,351,1
1164,352,3
1164,213,3
1164,113,3
1165,351,1
1165,352,3
1165,213,3
1165,113,3
1166,354,3
1166,235,2
1166,236,5
1166,341,3
1167,354,3
1167,235,2
1167,236,5
1167,341,3
1168,505,5
1168,355,3
1168,567,1
1168,341,2
1169,505,5
1169,355,3
1169,567,1
1169,341,2
1170,357,2
1170,568,2
1170,241,4
1170,451,2
1171,357,2
1171,568,2
1171,241,4
1171,451,2
1172,360,2
1172,569,3
1172,541,3
1172,354,2
1173,360,2
1173,569,3
1173,541,3
1173,354,2
1174,440,1
1174,363,2
1174,362,3
1174,354,3
1175,440,1
1175,363,2
1175,362,3
1175,354,3
1176,508,4
1176,365,3
1176,509,6
1176,368,2
1177,508,4
1177,365,3
1177,509,6
1177,368,2
1178,367,3
1178,155,1
1178,154,6
1178,354,2
1179,367,3
1179,155,1
1179,154,6
1179,354,2
1180,369,2
1180,570,4
1180,251,3
1180,339,1
1181,369,2
1181,570,4
1181,251,3
1181,339,1
1182,371,2
1182,512,3
1182,341,2
1182,376,3
1183,371,2
1183,512,3
1183,341,2
1183,376,3
1184,374,3
1184,375,1
1184,151,8
1184,341,4
1185,374,3
1185,375,1
1185,151,8
1185,341,4
1186,377,2
1186,257,2
1186,504,2
1186,571,1
1187,377,2
1187,257,2
1187,504,2
1187,571,1
1188,515,3
1188,379,2
1188,516,2
1188,194,2
1189,515,3
1189,379,2
1189,516,2
1189,194,2
1190,380,4
1190,381,1
1190,382,2
1190,341,2
1191,380,4
1191,381,1
1191,382,2
1191,341,2
1192,383,3
1192,504,2
1192,40,8
1192,503,4
1193,383,3
1193,504,2
1193,40,8
1193,503,4
1194,384,2
1194,266,1
1194,572,2
1194,191,4
1195,384,2
1195,266,1
1195,572,2
1195,191,4
1196,387,2
1196,388,4
1196,503,3
1196,339,1
1197,387,2
1197,388,4
1197,503,3
1197,339,1
1198,389,1
1198,390,3
1198,262,3
1198,342,1
1199,389,1
1199,390,3
1199,262,3
1199,342,1
1200,391,2
1200,573,2
1200,314,1
1200,516,2
1201,391,2
1201,573,2
1201,314,1
1201,516,2
1202,393,2
1202,569,3
1202,541,3
1202,395,1
1203,393,2
1203,569,3
1203,541,3
1203,395,1
1204,396,3
1204,397,1
1204,151,8
1204,339,2
1205,396,3
1205,397,1
1205,151,8
1205,339,2
1206,399,2
1206,86,2
1206,514,3
1206,378,2
1207,399,2
1207,86,2
1207,514,3
1207,378,2
1208,339,1
1208,381,2
1208,350,3
1209,400,1
1209,403,1
1209,401,2
1209,404,2
1210,401,5
1210,558,2
1210,402,2
1210,368,2
1211,408,2
1211,521,8
1211,409,3
1211,410,1
1212,408,2
1212,521,8
1212,409,3
1212,410,1
1213,376,3
1213,143,2
1213,572,4
1213,206,3
1214,376,3
1214,143,2
1214,572,4
1214,206,3
1215,376,3
1215,143,2
1215,572,4
1215,206,3
1216,376,3
1216,143,2
1216,572,4
1216,206,3
1217,413,3
1217,424,2
1217,172,4
1217,410,1
1218,413,3
1218,424,2
1218,417,2
1218,414,1
1219,415,3
1219,402,2
1219,561,1
1219,290,1
1220,415,3
1220,402,2
1220,561,1
1220,290,1
1221,408,1
1221,291,2
1221,383,2
1221,411,6
1222,408,1
1222,291,2
1222,383,2
1222,411,6
1223,419,2
1223,420,3
1223,170,3
1223,299,1
1224,419,2
1224,420,3
1224,170,3
1224,299,1
1225,422,2
1225,574,1
1225,402,2
1225,376,3
1226,422,2
1226,574,1
1226,402,2
1226,376,3
1227,528,4
1227,575,3
1227,237,4
1227,410,1
1228,528,4
1228,575,3
1228,237,4
1228,410,1
1229,428,2
1229,576,3
1229,339,3
1229,410,1
1230,428,2
1230,576,3
1230,339,3
1230,410,1
1231,432,2
1231,530,1
1231,431,2
1231,444,1
1232,432,2
1232,530,1
1232,431,2
1232,444,1
1233,434,2
1233,577,4
1233,523,2
1233,436,1
1234,434,2
1234,577,4
1234,523,2
1234,436,1
1235,113,3
1235,125,5
1235,114,2
1235,411,6
1236,113,3
1236,125,5
1236,114,2
1236,411,6
1237,350,5
1237,389,3
1237,134,4
1237,437,1
1238,350,5
1238,389,3
1238,134,4
1238,437,1
1239,438,2
1239,439,4
1239,341,3
1239,323,1
1240,438,2
1240,439,4
1240,341,3
1240,323,1
1241,441,2
1241,534,3
1241,341,3
1241,350,3
1242,441,2
1242,534,3
1242,341,3
1242,350,3
1243,442,3
1243,404,3
1243,440,1
1243,444,1
1244,442,3
1244,404,3
1244,440,1
1244,444,1
1245,445,2
1245,535,3
1245,373,1
1245,398,2
1246,445,2
1246,578,3
1246,373,1
1246,398,2
1247,435,4
1247,405,1
1247,250,1
1247,410,1
1248,435,4
1248,405,1
1248,250,1
1248,410,1
1249,435,4
1249,405,1
1249,250,1
1249,410,1
1250,435,4
1250,405,1
1250,250,1
1250,410,1
1251,448,2
1251,447,1
1251,579,3
1251,571,1
1252,448,2
1252,447,1
1252,579,3
1252,571,1
1253,450,2
1253,537,1
1253,580,3
1253,414,1
1254,450,2
1254,537,1
1254,580,3
1254,414,1
1255,1,1
1256,1,2
1257,4,2
1257,1,1
1258,3,2
1258,6,1
1258,135,2
1259,3,2
1259,1,2
1260,3,1
1260,5,3
1261,3,1
1261,5,3
1262,10,1
1262,5,1
1262,1,2
1263,20,2
1263,5,1
1263,17,3
1264,12,3
1264,14,2
1264,5,1
1265,12,3
1265,14,2
1265,5,1
1266,6,2
1266,1,2
1266,14,2
1266,15,2
1267,6,2
1267,1,2
1267,3,3
1267,17,3
1268,131,2
1268,95,1
1269,19,4
1269,18,2
1269,5,1
1269,20,1
1270,19,4
1270,18,2
1270,5,1
1270,20,1
1271,21,4
1271,3,4
1271,2,3
1272,22,5
1272,3,4
1272,2,3
1273,7,2
1273,2,3
1273,145,2
1274,7,2
1274,2,3
1274,145,2
1275,107,2
1275,25,4
1275,20,3
1275,27,1
1276,107,2
1276,25,4
1276,20,3
1276,27,1
1277,41,4
1277,29,3
1277,3,2
1277,5,2
1278,41,4
1278,29,3
1278,3,2
1278,5,2
1280,7,8
1280,3,12
1280,14,2
1281,465,3
1281,581,3
1281,30,3
1281,7,1
1282,465,3
1282,581,3
1282,30,3
1282,7,1
1283,8,2
1283,33,3
1283,581,1
1284,8,2
1284,33,3
1284,581,1
1285,36,5
1285,455,2
1285,581,2
1285,472,5
1286,36,5
1286,455,2
1286,581,2
1286,472,5
1287,582,3
1287,37,3
1287,95,1
1287,96,2
1288,582,3
1288,37,3
1288,95,1
1288,96,2
1289,452,1
1289,40,2
1289,39,2
1290,452,1
1290,40,2
1290,39,2
1291,43,2
1291,3,8
1291,39,1
1292,43,2
1292,3,8
1292,39,1
1293,45,3
1293,454,2
1293,38,4
1293,4,5
1294,45,3
1294,454,2
1294,38,4
1294,4,5
1295,48,2
1295,49,1
1295,14,3
1295,95,2
1296,48,2
1296,49,1
1296,14,3
1296,95,2
1297,456,2
1297,50,3
1297,5,1
1297,581,1
1298,456,2
1298,50,3
1298,5,1
1298,581,1
1299,51,2
1299,40,2
1299,452,1
1300,51,2
1300,40,2
1300,452,1
1301,52,2
1301,3,8
1301,39,1
1302,52,2
1302,3,8
1302,39,1
1303,55,4
1303,7,7
1303,3,6
1303,41,3
1304,55,4
1304,7,7
1304,3,6
1304,41,3
1305,457,3
1305,58,1
1305,57,2
1305,65,4
1306,457,3
1306,58,1
1306,57,2
1306,65,4
1307,458,4
1307,61,5
1307,70,2
1307,65,2
1308,458,4
1308,61,5
1308,70,2
1308,65,2
1309,11,4
1309,451,2
1309,243,2
1309,96,2
1310,11,4
1310,451,2
1310,243,2
1310,96,2
1311,69,4
1311,68,2
1311,7,2
1311,70,1
1312,69,4
1312,68,2
1312,7,2
1312,70,1
1313,72,3
1313,71,2
1313,20,4
1313,78,2
1314,72,3
1314,71,2
1314,20,4
1314,78,2
1315,460,3
1315,74,4
1315,75,2
1315,70,2
1316,460,3
1316,74,4
1316,75,2
1316,70,2
1317,478,2
1317,77,2
1317,463,3
1317,65,2
1318,478,2
1318,77,2
1318,463,3
1318,65,2
1319,464,2
1319,80,2
1319,81,1
1320,464,2
1320,80,2
1320,81,1
1321,82,4
1321,144,3
1321,81,2
1321,31,3
1322,82,4
1322,144,3
1322,81,2
1322,31,3
1323,466,2
1323,85,2
1323,81,1
1324,466,2
1324,85,2
1324,81,1
1325,86,4
1325,144,3
1325,81,2
1325,7,4
1326,86,4
1326,144,3
1326,81,2
1326,7,4
1327,92,2
1327,5,1
1327,95,1
1327,20,1
1328,90,1
1328,583,10
1328,43,4
1329,129,10
1329,121,8
1329,70,2
1329,546,8
1330,123,1
1330,121,3
1330,108,1
1330,185,5
1331,123,1
1331,121,3
1331,108,1
1331,185,5
1332,124,1
1332,143,4
1332,90,1
1332,545,3
1333,124,1
1333,143,4
1333,90,1
1333,546,3
1334,23,2
1334,143,4
1334,121,2
1334,120,3
1335,23,2
1335,143,4
1335,121,2
1335,467,3
1336,124,1
1336,143,4
1336,90,1
1336,545,3
1337,124,1
1337,143,4
1337,90,1
1337,546,3
1338,23,2
1338,143,4
1338,121,2
1338,120,3
1339,23,2
1339,143,4
1339,121,2
1339,467,3
1340,470,4
1340,152,1
1340,27,3
1340,78,2
1341,125,3
1341,91,4
1341,142,2
1341,584,3
1342,125,3
1342,91,4
1342,142,2
1342,584,3
1343,134,3
1343,36,3
1343,267,2
1343,136,1
1344,134,3
1344,36,3
1344,267,2
1344,136,1
1345,137,1
1345,138,3
1345,226,3
1345,38,2
1346,137,1
1346,138,3
1346,226,3
1346,38,2
1347,143,2
1347,144,2
1347,585,3
1347,586,3
1348,143,2
1348,144,2
1348,585,3
1348,586,3
1349,143,2
1349,144,2
1349,585,3
1349,586,3
1350,143,2
1350,144,2
1350,585,3
1350,586,3
1351,146,1
1351,147,3
1351,148,1
1351,131,3
1352,146,1
1352,147,3
1352,148,1
1352,131,3
1353,149,2
1353,150,3
1353,81,2
1353,152,1
1354,149,2
1354,150,3
1354,81,2
1354,152,1
1355,153,1
1355,154,3
1355,367,2
1355,115,1
1356,153,1
1356,154,3
1356,367,2
1356,115,1
1357,587,1
1357,156,2
1357,152,4
1357,23,1
1358,587,1
1358,156,2
1358,152,4
1358,23,1
1359,474,1
1359,550,2
1359,160,2
1359,115,1
1360,474,1
1360,550,2
1360,160,2
1360,115,1
1361,161,1
1361,162,2
1361,39,2
1361,103,3
1362,161,1
1362,162,2
1362,39,2
1362,103,3
1363,164,2
1363,165,2
1363,172,1
1363,108,1
1364,164,2
1364,165,2
1364,172,1
1364,108,1
1365,475,4
1365,175,1
1365,82,5
1365,124,1
1366,475,4
1366,175,1
1366,82,5
1366,124,1
1367,475,4
1367,175,1
1367,82,5
1367,124,1
1368,475,4
1368,175,1
1368,82,5
1368,124,1
1369,475,4
1369,171,1
1369,82,5
1369,124,1
1370,475,4
1370,171,1
1370,82,5
1370,124,1
1371,588,1
1371,171,2
1371,175,4
1371,78,9
1372,588,1
1372,171,2
1372,175,4
1372,78,9
1373,173,2
1373,551,1
1373,160,1
1373,78,2
1374,173,2
1374,551,1
1374,160,1
1374,78,2
1375,476,1
1375,175,3
1375,115,2
1375,172,1
1376,476,1
1376,175,3
1376,115,2
1376,172,1
1377,176,1
1377,48,1
1377,177,1
1378,176,1
1378,48,1
1378,177,1
1379,178,1
1379,179,3
1379,180,3
1379,81,4
1380,178,1
1380,179,3
1380,180,3
1380,81,4
1381,182,3
1381,181,2
1381,478,2
1381,81,1
1382,182,3
1382,181,2
1382,478,2
1382,81,1
1383,186,2
1383,185,2
1383,131,2
1383,115,1
1384,186,2
1384,185,2
1384,131,2
1384,115,1
1385,187,2
1385,188,1
1385,189,1
1386,191,1
1386,7,10
1386,6,2
1386,194,1
1387,191,3
1387,78,3
1387,196,2
1388,191,3
1388,7,12
1388,192,2
1388,77,4
1389,191,3
1389,7,12
1389,192,2
1389,77,4
1390,194,3
1390,193,1
1390,5,3
1390,187,3
1391,194,3
1391,199,2
1391,5,3
1391,589,5
1392,190,4
1392,590,3
1392,470,2
1392,191,2
1393,190,4
1393,590,3
1393,470,2
1393,191,2
1394,195,4
1394,196,5
1394,14,6
1394,192,4
1395,195,4
1395,196,5
1395,14,6
1395,192,4
1396,197,3
1396,198,3
1396,21,4
1396,70,3
1397,197,3
1397,198,3
1397,21,4
1397,70,3
1398,200,1
1398,191,3
1398,7,15
1398,286,3
1399,200,1
1399,191,3
1399,7,15
1399,286,3
1400,200,1
1400,23,2
1400,78,8
1400,7,12
1401,202,3
1401,203,3
1401,24,2
1401,70,3
1402,202,3
1402,203,3
1402,24,2
1402,70,3
1403,219,3
1403,204,4
1403,206,2
1403,192,4
1404,219,3
1404,204,4
1404,206,2
1404,192,4
1405,207,4
1405,208,6
1405,78,10
1405,209,2
1406,207,4
1406,208,6
1406,78,10
1406,209,2
1407,230,2
1407,211,3
1407,194,3
1408,230,2
1408,211,3
1408,194,3
1409,213,5
1409,214,2
1409,78,8
1409,3,20
1410,213,5
1410,214,2
1410,78,8
1410,3,20
1411,215,3
1411,582,3
1411,190,2
1411,81,2
1412,215,3
1412,582,3
1412,190,2
1412,81,2
1413,217,4
1413,199,2
1413,40,8
1413,310,2
1414,217,4
1414,199,2
1414,40,8
1414,310,2
1415,266,1
1415,220,2
1415,559,2
1415,386,3
1416,266,1
1416,220,2
1416,559,2
1416,386,3
1417,223,3
1417,45,4
1417,38,4
1417,81,1
1418,223,3
1418,45,4
1418,38,4
1418,81,1
1419,225,3
1419,226,3
1419,192,2
1419,199,4
1420,225,3
1420,226,3
1420,192,2
1420,199,4
1421,229,4
1421,191,7
1421,78,8
1421,205,3
1422,229,4
1422,191,7
1422,78,8
1422,205,3
1423,232,3
1423,233,1
1423,310,2
1423,213,3
1424,232,3
1424,233,1
1424,310,2
1424,213,3
1425,234,3
1425,58,1
1425,236,3
1425,221,4
1426,234,3
1426,58,1
1426,236,3
1426,221,4
1427,481,4
1427,240,4
1427,287,3
1427,192,2
1428,481,4
1428,240,4
1428,287,3
1428,192,2
1429,241,4
1429,63,1
1429,243,3
1429,161,2
1430,241,4
1430,63,1
1430,243,3
1430,161,2
1431,244,3
1431,68,4
1431,115,2
1431,256,2
1432,244,3
1432,68,4
1432,115,2
1432,256,2
1433,323,1
1433,247,2
1433,478,3
1433,256,3
1434,323,1
1434,247,2
1434,478,3
1434,256,3
1435,249,5
1435,591,2
1435,221,2
1435,199,4
1436,249,5
1436,591,2
1436,221,2
1436,199,4
1437,484,2
1437,491,4
1437,251,2
1437,256,3
1438,484,2
1438,491,4
1438,251,2
1438,256,3
1439,485,3
1439,254,3
1439,287,2
1439,462,3
1440,485,3
1440,254,3
1440,287,2
1440,462,3
1441,486,2
1441,255,2
1441,78,2
1441,192,5
1442,486,2
1442,255,2
1442,78,2
1442,192,5
1443,257,1
1443,82,3
1443,81,3
1443,378,1
1444,257,1
1444,82,3
1444,81,3
1444,378,1
1445,258,3
1445,3,5
1445,187,3
1445,190,2
1446,191,2
1446,259,2
1446,78,3
1446,205,2
1447,192,3
1447,191,1
1447,190,2
1447,466,3
1448,192,3
1448,191,1
1448,190,2
1448,466,3
1449,208,3
1449,193,1
1449,81,3
1449,95,4
1450,208,3
1450,199,3
1450,81,3
1450,95,4
1451,190,4
1451,194,3
1451,470,2
1451,259,3
1452,190,4
1452,194,3
1452,470,2
1452,259,3
1453,260,4
1453,258,4
1453,85,1
1453,78,4
1454,260,4
1454,258,4
1454,85,1
1454,78,4
1455,197,3
1455,198,3
1455,189,2
1455,115,1
1456,197,3
1456,198,3
1456,189,2
1456,115,1
1457,228,1
1457,191,3
1457,7,10
1457,286,3
1458,228,1
1458,191,3
1458,7,10
1458,286,3
1459,200,1
1459,259,3
1459,23,2
1459,78,12
1460,202,3
1460,203,3
1460,189,2
1460,216,1
1461,202,3
1461,203,3
1461,189,2
1461,216,1
1462,204,6
1462,189,2
1462,205,9
1462,70,3
1463,204,6
1463,189,2
1463,205,9
1463,70,3
1464,207,6
1464,189,3
1464,43,3
1464,217,2
1465,207,6
1465,189,3
1465,43,3
1465,217,2
1466,231,2
1466,261,3
1466,190,1
1466,81,3
1467,231,2
1467,261,3
1467,190,1
1467,81,3
1468,262,1
1468,263,4
1468,7,10
1468,3,15
1469,262,1
1469,263,4
1469,7,10
1469,3,15
1470,215,3
1470,582,3
1470,470,4
1470,81,2
1471,215,3
1471,582,3
1471,470,4
1471,81,2
1472,264,2
1472,199,2
1472,40,8
1472,256,2
1473,264,2
1473,199,2
1473,40,8
1473,256,2
1474,265,2
1474,266,1
1474,81,4
1474,386,3
1475,265,2
1475,266,1
1475,81,4
1475,386,3
1476,223,4
1476,189,1
1476,38,4
1476,194,3
1477,223,4
1477,189,1
1477,38,4
1477,194,3
1478,229,4
1478,191,7
1478,209,3
1478,7,20
1479,229,4
1479,191,7
1479,209,3
1479,7,20
1480,241,4
1480,63,1
1480,243,3
1480,205,4
1481,241,4
1481,63,1
1481,243,3
1481,205,4
1482,244,3
1482,68,4
1482,201,3
1482,259,3
1483,244,3
1483,68,4
1483,201,3
1483,259,3
1484,488,2
1484,270,2
1484,281,3
1484,192,5
1485,488,2
1485,270,2
1485,281,3
1485,192,5
1486,271,1
1486,86,3
1486,221,1
1486,200,1
1487,271,1
1487,86,3
1487,221,1
1487,200,1
1488,256,4
1488,272,6
1488,562,10
1488,545,12
1489,275,1
1489,124,1
1489,108,1
1489,498,5
1490,275,1
1490,124,1
1490,108,1
1490,498,5
1491,237,2
1491,114,1
1491,124,1
1491,477,1
1492,237,2
1492,114,1
1492,124,1
1492,477,1
1493,200,2
1493,108,2
1493,124,1
1493,421,4
1494,200,2
1494,108,2
1494,124,1
1494,170,2
1495,237,2
1495,114,1
1495,124,1
1495,477,1
1496,237,2
1496,114,1
1496,124,1
1496,477,1
1497,200,2
1497,108,2
1497,124,1
1497,421,4
1498,200,2
1498,108,2
1498,124,1
1498,170,2
1499,278,1
1499,255,2
1499,486,3
1499,192,5
1500,278,1
1500,255,2
1500,486,3
1500,192,5
1501,279,1
1501,298,3
1501,349,2
1501,281,2
1502,279,1
1502,298,3
1502,349,2
1502,281,2
1503,282,1
1503,322,1
1503,284,2
1504,282,1
1504,284,4
1504,285,2
1504,281,2
1505,256,2
1505,143,3
1505,209,4
1505,586,3
1506,256,2
1506,143,3
1506,209,4
1506,586,3
1507,256,2
1507,143,3
1507,209,4
1507,586,3
1508,256,2
1508,143,3
1508,209,4
1508,586,3
1509,149,2
1509,221,2
1509,150,3
1509,152,2
1510,149,2
1510,221,2
1510,150,3
1510,152,2
1511,288,2
1511,587,1
1511,152,5
1511,200,1
1512,288,2
1512,587,1
1512,152,5
1512,200,1
1513,277,2
1513,561,2
1513,474,2
1513,237,1
1514,277,2
1514,561,2
1514,474,2
1514,237,1
1515,291,1
1515,161,3
1515,292,2
1515,559,3
1516,291,1
1516,161,3
1516,292,2
1516,559,3
1517,493,4
1517,561,2
1517,378,1
1517,124,3
1518,493,4
1518,561,2
1518,378,1
1518,124,3
1519,493,4
1519,561,2
1519,378,1
1519,124,3
1520,493,4
1520,561,2
1520,378,1
1520,124,3
1521,295,2
1521,592,1
1521,277,1
1521,256,2
1522,295,2
1522,592,1
1522,277,1
1522,256,2
1523,298,4
1523,476,2
1523,237,2
1523,172,3
1524,298,4
1524,476,2
1524,237,2
1524,172,3
1525,494,3
1525,275,1
1525,166,3
1526,494,3
1526,275,1
1526,166,3
1527,593,2
1527,305,3
1527,306,2
1527,283,3
1528,593,2
1528,305,3
1528,306,2
1528,283,3
1529,220,3
1529,114,1
1529,594,5
1530,275,1
1530,124,1
1530,189,2
1530,320,3
1531,275,1
1531,124,1
1531,189,2
1531,320,3
1532,310,3
1532,143,4
1532,272,2
1532,127,3
1533,310,3
1533,143,4
1533,272,2
1533,122,3
1534,310,3
1534,143,4
1534,272,2
1534,127,3
1535,310,3
1535,143,4
1535,272,2
1535,122,3
1536,192,4
1536,125,5
1536,114,1
1536,148,1
1537,192,4
1537,125,5
1537,114,1
1537,148,1
1538,213,8
1538,134,5
1538,267,5
1538,136,1
1539,213,8
1539,134,5
1539,267,5
1539,136,1
1540,314,3
1540,315,3
1540,316,1
1540,221,4
1541,314,3
1541,315,3
1541,316,1
1541,221,4
1542,318,3
1542,317,2
1542,287,2
1542,323,1
1543,318,3
1543,317,2
1543,287,2
1543,323,1
1544,320,2
1544,498,4
1544,191,3
1544,287,2
1545,320,2
1545,498,4
1545,191,3
1545,287,2
1546,322,3
1546,321,4
1546,158,1
1546,323,1
1547,322,3
1547,321,4
1547,158,1
1547,323,1
1548,309,2
1548,499,4
1548,253,1
1548,303,1
1549,309,2
1549,499,4
1549,253,1
1549,303,1
1550,325,4
1550,288,5
1550,307,4
1550,124,3
1551,325,4
1551,288,5
1551,307,4
1551,124,3
1552,325,4
1552,288,5
1552,307,4
1552,124,3
1553,325,4
1553,288,5
1553,307,4
1553,124,3
1554,501,3
1554,328,2
1554,565,1
1554,166,3
1555,501,3
1555,328,2
1555,565,1
1555,166,3
1556,502,3
1556,330,2
1556,566,1
1556,290,1
1557,502,3
1557,330,2
1557,566,1
1557,290,1
1558,346,2
1558,333,3
1558,503,3
1559,346,2
1559,333,3
1559,503,3
1560,335,3
1560,582,3
1560,516,2
1560,221,2
1561,335,3
1561,582,3
1561,516,2
1561,221,2
1562,337,4
1562,342,2
1562,339,1
1562,310,4
1563,337,4
1563,342,2
1563,339,1
1563,310,4
1564,340,3
1564,191,6
1564,192,8
1564,411,3
1565,340,3
1565,191,6
1565,192,8
1565,411,3
1566,344,4
1566,223,6
1566,222,2
1566,81,15
1567,344,4
1567,223,6
1567,222,2
1567,81,15
1568,138,3
1568,226,6
1568,350,2
1568,342,4
1569,138,3
1569,226,6
1569,350,2
1569,342,4
1570,347,4
1570,229,5
1570,205,6
1570,350,4
1571,347,4
1571,229,5
1571,205,6
1571,350,4
1572,351,3
1572,352,1
1572,232,3
1572,310,2
1573,351,3
1573,352,1
1573,232,3
1573,310,2
1574,354,3
1574,235,1
1574,234,4
1574,341,4
1575,354,3
1575,235,1
1575,234,4
1575,341,4
1576,505,4
1576,355,4
1576,412,3
1576,113,2
1577,505,4
1577,355,4
1577,412,3
1577,113,2
1578,357,4
1578,517,2
1578,194,3
1578,291,2
1579,357,4
1579,517,2
1579,194,3
1579,291,2
1580,360,3
1580,244,4
1580,105,4
1580,376,2
1581,360,3
1581,244,4
1581,105,4
1581,376,2
1582,363,2
1582,444,1
1582,595,3
1582,376,3
1583,363,2
1583,444,1
1583,595,3
1583,376,3
1584,365,5
1584,596,2
1584,341,2
1584,342,5
1585,365,5
1585,596,2
1585,341,2
1585,342,5
1586,367,4
1586,155,2
1586,237,3
1586,349,6
1587,367,4
1587,155,2
1587,237,3
1587,349,6
1588,510,2
1588,570,4
1588,369,2
1588,376,3
1589,510,2
1589,570,4
1589,369,2
1589,376,3
1590,512,3
1590,371,3
1590,595,4
1590,412,2
1591,512,3
1591,371,3
1591,595,4
1591,412,2
1592,513,2
1592,374,2
1592,307,2
1592,113,5
1593,513,2
1593,374,2
1593,307,2
1593,113,5
1594,377,2
1594,257,3
1594,221,4
1594,571,1
1595,377,2
1595,257,3
1595,221,4
1595,571,1
1596,515,2
1596,379,3
1596,516,3
1597,515,2
1597,379,3
1597,516,3
1598,380,3
1598,597,6
1598,368,1
1598,113,4
1599,380,3
1599,597,6
1599,368,1
1599,113,4
1600,383,3
1600,504,2
1600,40,8
1600,256,4
1601,383,3
1601,504,2
1601,40,8
1601,256,4
1602,384,2
1602,385,1
1602,307,2
1602,256,3
1603,384,2
1603,385,1
1603,307,2
1603,256,3
1604,388,4
1604,105,5
1604,341,3
1604,221,3
1605,388,4
1605,105,5
1605,341,3
1605,221,3
1606,389,3
1606,390,1
1606,268,3
1606,200,2
1607,389,3
1607,390,1
1607,268,3
1607,200,2
1608,391,4
1608,517,1
1608,314,2
1608,194,4
1609,391,4
1609,517,1
1609,314,2
1609,194,4
1610,393,3
1610,394,1
1610,115,6
1610,395,1
1611,393,3
1611,394,1
1611,115,6
1611,395,1
1612,518,2
1612,396,2
1612,368,4
1612,341,4
1613,518,2
1613,396,2
1613,368,4
1613,341,4
1614,399,2
1614,271,3
1614,237,5
1614,339,2
1615,399,2
1615,271,3
1615,237,5
1615,339,2
1616,339,1
1616,385,1
1616,113,3
1617,524,4
1617,403,1
1617,401,3
1617,404,2
1618,401,4
1618,523,2
1618,402,2
1618,368,2
1619,405,1
1619,521,12
1619,406,12
1619,111,1
1620,405,1
1620,521,12
1620,406,12
1620,111,1
1621,376,2
1621,143,3
1621,504,6
1621,586,3
1622,376,2
1622,143,3
1622,504,6
1622,586,3
1623,376,2
1623,143,3
1623,504,6
1623,586,3
1624,376,2
1624,143,3
1624,504,6
1624,586,3
1625,413,2
1625,598,1
1625,417,3
1625,289,1
1626,413,2
1626,598,1
1626,417,3
1626,289,1
1627,415,2
1627,402,3
1627,561,2
1627,290,1
1628,415,2
1628,402,3
1628,561,2
1628,290,1
1629,408,1
1629,526,3
1629,292,2
1629,572,3
1630,408,1
1630,526,3
1630,292,2
1630,572,3
1631,419,4
1631,527,1
1631,420,3
1631,410,1
1632,419,4
1632,527,1
1632,420,3
1632,410,1
1633,422,2
1633,574,1
1633,415,1
1633,425,1
1634,422,2
1634,574,1
1634,415,1
1634,425,1
1635,419,4
1635,476,3
1635,237,4
1635,299,1
1636,419,4
1636,476,3
1636,237,4
1636,299,1
1637,427,2
1637,428,2
1637,429,3
1637,410,1
1638,427,2
1638,428,2
1638,429,3
1638,410,1
1639,530,3
1639,431,2
1639,531,1
1639,253,3
1640,530,3
1640,431,2
1640,531,1
1640,253,3
1641,533,4
1641,599,2
1641,398,5
1641,436,1
1642,533,4
1642,599,2
1642,398,5
1642,436,1
1643,113,5
1643,125,5
1643,114,2
1643,199,6
1644,113,5
1644,125,5
1644,114,2
1644,199,6
1645,350,5
1645,351,4
1645,134,5
1645,437,1
1646,350,5
1646,351,4
1646,134,5
1646,437,1
1647,439,3
1647,438,2
1647,412,2
1647,444,1
1648,439,3
1648,438,2
1648,412,2
1648,444,1
1649,441,2
1649,534,4
1649,253,1
1649,412,2
1650,441,2
1650,534,4
1650,253,1
1650,412,2
1651,404,3
1651,442,4
1651,323,1
1651,444,1
1652,404,3
1652,442,4
1652,323,1
1652,444,1
1653,445,2
1653,535,4
1653,373,1
1653,166,1
1654,445,2
1654,535,4
1654,373,1
1654,166,1
1655,600,5
1655,405,1
1655,570,6
1655,410,1
1656,600,5
1656,405,1
1656,570,6
1656,410,1
1657,600,5
1657,405,1
1657,570,6
1657,410,1
1658,600,5
1658,405,1
1658,570,6
1658,410,1
1659,447,3
1659,536,2
1659,579,1
1659,519,1
1660,447,3
1660,536,2
1660,579,1
1660,519,1
1661,537,3
1661,449,2
1661,580,1
1661,414,1
1662,537,3
1662,449,2
1662,580,1
1662,414,1
1663,1,1
1664,1,1
1664,4,1
1665,3,2
1665,1,3
1666,3,3
1666,5,1
1666,14,1
1667,3,3
1667,5,1
1667,14,1
1668,243,4
1668,1,1
1668,98,1
1669,243,4
1669,1,1
1669,98,1
1670,12,2
1670,2,3
1670,98,4
1671,12,2
1671,2,3
1671,98,4
1672,6,1
1672,5,2
1672,14,3
1672,15,5
1673,6,1
1673,5,2
1673,16,20
1673,17,5
1676,66,1
1676,18,3
1676,19,1
1677,66,1
1677,18,3
1677,19,1
1678,21,2
1678,2,3
1678,27,1
1679,22,2
1679,2,3
1679,27,1
1680,7,3
1680,3,3
1680,19,3
1681,7,3
1681,3,3
1681,19,3
1682,107,3
1682,25,3
1682,14,4
1682,70,1
1683,107,3
1683,25,3
1683,14,4
1683,70,1
1684,28,1
1684,29,4
1684,3,3
1684,2,2
1685,28,1
1685,29,4
1685,3,3
1685,2,2
1687,31,2
1687,30,3
1687,14,3
1687,3,3
1688,31,2
1688,30,3
1688,14,3
1688,3,3
1689,32,2
1689,33,2
1689,34,2
1689,98,2
1690,32,2
1690,33,2
1690,34,2
1690,98,2
1691,36,4
1691,455,3
1691,3,4
1691,20,3
1692,36,4
1692,455,3
1692,3,4
1692,20,3
1693,453,4
1693,95,2
1693,96,1
1693,7,2
1694,453,4
1694,95,2
1694,96,1
1694,7,2
1695,78,2
1695,40,2
1695,41,3
1695,39,3
1696,78,2
1696,40,2
1696,41,3
1696,39,3
1697,43,2
1697,7,2
1697,5,3
1698,43,2
1698,7,2
1698,5,3
1699,44,1
1699,454,4
1699,95,2
1699,7,2
1700,44,1
1700,454,4
1700,95,2
1700,7,2
1701,49,1
1701,7,2
1701,36,3
1701,46,3
1702,49,1
1702,7,2
1702,36,3
1702,46,3
1703,48,1
1703,49,1
1703,20,3
1703,2,6
1704,48,1
1704,49,1
1704,20,3
1704,2,6
1705,32,2
1705,50,2
1705,34,2
1705,98,2
1706,32,2
1706,50,2
1706,34,2
1706,98,2
1707,51,3
1707,40,2
1707,41,3
1707,144,2
1708,51,3
1708,40,2
1708,41,3
1708,144,2
1709,52,2
1709,7,2
1709,5,3
1710,52,2
1710,7,2
1710,5,3
1711,53,3
1711,27,1
1711,14,4
1711,54,1
1712,53,3
1712,27,1
1712,14,4
1712,54,1
1713,55,3
1713,7,5
1713,452,3
1713,41,5
1714,55,3
1714,7,5
1714,452,3
1714,41,5
1715,457,2
1715,58,1
1715,57,3
1715,7,4
1716,457,2
1716,58,1
1716,57,3
1716,7,4
1717,458,5
1717,61,4
1717,20,4
1717,28,2
1718,458,5
1718,61,4
1718,20,4
1718,28,2
1719,63,1
1719,38,5
1719,243,4
1719,1,2
1720,63,1
1720,38,5
1720,243,4
1720,1,2
1721,601,2
1721,68,3
1721,7,3
1721,70,1
1722,601,2
1722,68,3
1722,7,3
1722,70,1
1723,81,1
1723,72,3
1723,71,2
1723,7,2
1724,81,1
1724,72,3
1724,71,2
1724,7,2
1725,74,3
1725,460,3
1725,75,2
1725,78,2
1726,74,3
1726,460,3
1726,75,2
1726,78,2
1727,463,3
1727,77,2
1727,478,2
1727,7,2
1728,463,3
1728,77,2
1728,478,2
1728,7,2
1729,80,3
1729,464,2
1729,7,4
1729,78,3
1730,80,3
1730,464,2
1730,7,4
1730,78,3
1731,82,5
1731,102,3
1731,81,2
1731,465,2
1732,82,5
1732,102,3
1732,81,2
1732,465,2
1733,85,3
1733,466,2
1733,7,4
1733,78,3
1734,85,3
1734,466,2
1734,7,4
1734,78,3
1735,86,5
1735,102,3
1735,81,2
1735,39,2
1736,86,5
1736,102,3
1736,81,2
1736,39,2
1737,92,2
1737,5,1
1737,95,1
1737,20,1
1738,451,2
1738,543,2
1738,12,3
1738,99,1
1739,66,2
1739,544,2
1739,18,3
1739,101,1
1740,177,5
1740,124,1
1740,602,2
1740,121,6
1741,177,5
1741,124,1
1741,602,2
1741,121,6
1742,28,2
1742,538,4
1742,29,3
1742,119,1
1743,119,8
1743,121,8
1743,70,2
1743,101,10
1744,123,1
1744,121,3
1744,108,1
1744,182,5
1745,123,1
1745,121,3
1745,108,1
1745,182,5
1746,124,1
1746,586,4
1746,90,1
1746,99,3
1747,124,1
1747,586,4
1747,90,1
1747,101,3
1748,23,2
1748,586,4
1748,121,2
1748,562,3
1749,23,2
1749,586,4
1749,121,2
1749,126,3
1750,124,1
1750,586,4
1750,90,1
1750,99,3
1751,124,1
1751,586,4
1751,90,1
1751,101,3
1752,23,2
1752,586,4
1752,121,2
1752,562,3
1753,23,2
1753,586,4
1753,121,2
1753,126,3
1754,465,2
1754,539,4
1754,30,3
1754,129,1
1755,150,5
1755,131,2
1755,70,2
1755,7,3
1756,125,2
1756,20,3
1756,603,3
1756,604,2
1757,125,2
1757,20,3
1757,603,3
1757,604,2
1758,35,3
1758,134,2
1758,605,2
1758,136,1
1759,35,3
1759,134,2
1759,605,2
1759,136,1
1760,137,1
1760,138,3
1760,141,2
1760,5,4
1761,137,1
1761,138,3
1761,141,2
1761,5,4
1762,143,1
1762,144,1
1762,27,3
1762,131,4
1763,143,1
1763,144,1
1763,27,3
1763,131,4
1764,143,1
1764,144,1
1764,27,3
1764,131,4
1765,143,1
1765,144,1
1765,27,3
1765,131,4
1766,146,1
1766,147,2
1766,148,1
1766,105,1
1767,146,1
1767,147,2
1767,148,1
1767,105,1
1768,149,2
1768,150,3
1768,65,4
1768,152,2
1769,149,2
1769,150,3
1769,65,4
1769,152,2
1770,153,1
1770,154,3
1770,367,2
1770,7,10
1771,153,1
1771,154,3
1771,367,2
1771,7,10
1772,156,2
1772,157,1
1772,43,2
1772,105,5
1773,156,2
1773,157,1
1773,52,2
1773,105,5
1774,160,3
1774,201,4
1774,550,1
1774,78,3
1775,160,3
1775,201,4
1775,550,1
1775,78,3
1776,161,1
1776,43,2
1776,39,3
1776,103,3
1777,161,1
1777,43,2
1777,39,3
1777,103,3
1778,165,1
1778,164,3
1778,152,5
1778,108,1
1779,165,1
1779,164,3
1779,152,5
1779,108,1
1780,167,5
1780,201,1
1780,183,2
1780,124,1
1781,167,5
1781,201,1
1781,183,2
1781,124,1
1782,167,5
1782,201,1
1782,183,2
1782,124,1
1783,167,5
1783,201,1
1783,183,2
1783,124,1
1784,167,5
1784,171,1
1784,183,2
1784,124,1
1785,167,5
1785,171,1
1785,183,2
1785,124,1
1786,421,4
1786,171,2
1786,553,2
1786,115,1
1787,421,4
1787,171,2
1787,553,2
1787,115,1
1788,173,2
1788,123,1
1788,201,2
1788,78,3
1789,173,2
1789,123,1
1789,201,2
1789,78,3
1790,552,3
1790,171,2
1790,115,2
1790,172,1
1791,552,3
1791,171,2
1791,115,2
1791,172,1
1792,176,1
1792,48,1
1792,177,1
1793,176,1
1793,48,1
1793,177,1
1794,178,1
1794,179,2
1794,180,4
1794,144,3
1795,178,1
1795,179,2
1795,180,4
1795,144,3
1796,181,2
1796,182,4
1796,81,1
1796,78,3
1797,181,2
1797,182,4
1797,81,1
1797,78,3
1798,186,3
1798,185,3
1798,478,2
1798,65,2
1799,186,3
1799,185,3
1799,478,2
1799,65,2
1800,187,2
1800,188,1
1800,189,1
1800,190,2
1801,191,1
1801,7,7
1801,6,1
1801,194,1
1802,191,2
1802,78,2
1802,196,4
1803,191,4
1803,78,3
1803,65,2
1803,208,5
1804,191,4
1804,78,3
1804,65,2
1804,208,5
1805,190,4
1805,192,2
1805,96,4
1805,81,1
1806,190,4
1806,192,2
1806,96,4
1806,81,1
1807,190,3
1807,72,2
1807,212,4
1807,78,3
1808,190,3
1808,72,2
1808,212,4
1808,78,3
1809,195,3
1809,196,3
1809,7,12
1809,81,1
1810,195,3
1810,196,3
1810,7,12
1810,81,1
1811,197,2
1811,198,3
1811,21,4
1811,192,2
1812,197,2
1812,198,3
1812,21,4
1812,192,2
1813,191,4
1813,23,1
1813,78,10
1813,196,4
1814,191,4
1814,23,1
1814,78,10
1814,196,4
1815,202,2
1815,203,3
1815,107,2
1815,192,2
1816,202,2
1816,203,3
1816,107,2
1816,192,2
1817,204,4
1817,205,6
1817,191,5
1817,81,3
1818,204,4
1818,205,6
1818,191,5
1818,81,3
1819,207,4
1819,208,6
1819,191,6
1819,81,3
1820,207,4
1820,208,6
1820,191,6
1820,81,3
1821,210,1
1821,211,2
1821,34,2
1821,258,4
1822,210,1
1822,211,2
1822,34,2
1822,258,4
1823,213,5
1823,214,4
1823,200,2
1823,563,2
1824,213,5
1824,214,4
1824,200,2
1824,563,2
1825,215,3
1825,190,2
1825,194,2
1825,78,4
1826,215,3
1826,190,2
1826,194,2
1826,78,4
1827,217,4
1827,199,2
1827,40,10
1827,281,5
1828,217,4
1828,199,2
1828,40,10
1828,281,5
1829,220,3
1829,191,3
1829,192,4
1829,386,3
1830,220,3
1830,191,3
1830,192,4
1830,386,3
1831,222,3
1831,223,1
1831,190,2
1831,78,4
1832,222,3
1832,223,1
1832,190,2
1832,78,4
1833,225,4
1833,479,3
1833,487,2
1833,213,2
1834,225,4
1834,479,3
1834,487,2
1834,213,2
1835,229,3
1835,191,5
1835,209,3
1835,205,5
1836,229,3
1836,191,5
1836,209,3
1836,205,5
1837,232,4
1837,233,2
1837,191,3
1837,213,1
1838,232,4
1838,233,2
1838,191,3
1838,213,1
1839,234,2
1839,235,2
1839,236,4
1839,256,3
1840,234,2
1840,235,2
1840,236,4
1840,256,3
1841,481,5
1841,240,3
1841,459,2
1841,144,4
1842,481,5
1842,240,3
1842,459,2
1842,144,4
1843,241,3
1843,188,5
1843,221,1
1843,187,2
1844,241,3
1844,188,5
1844,221,1
1844,187,2
1845,244,2
1845,601,3
1845,237,1
1845,256,2
1846,244,2
1846,601,3
1846,237,1
1846,256,2
1847,247,2
1847,246,3
1847,287,2
1847,191,3
1848,247,2
1848,246,3
1848,287,2
1848,191,3
1849,482,4
1849,249,3
1849,483,4
1849,281,4
1850,482,4
1850,249,3
1850,483,4
1850,281,4
1851,484,2
1851,491,3
1851,251,3
1851,192,6
1852,484,2
1852,491,3
1852,251,3
1852,192,6
1853,253,1
1853,485,4
1853,462,4
1853,192,6
1854,253,1
1854,485,4
1854,462,4
1854,192,6
1855,255,3
1855,486,2
1855,191,4
1855,310,2
1856,255,3
1856,486,2
1856,191,4
1856,310,2
1857,257,2
1857,82,6
1857,221,2
1857,256,2
1858,257,2
1858,82,6
1858,221,2
1858,256,2
1859,258,4
1859,3,5
1859,188,3
1859,190,3
1860,191,1
1860,259,3
1860,78,2
1860,205,4
1861,192,4
1861,191,2
1861,470,3
1861,86,3
1862,192,4
1862,191,2
1862,470,3
1862,86,3
1863,208,2
1863,221,1
1863,58,2
1863,192,2
1864,208,2
1864,221,1
1864,58,2
1864,192,2
1865,190,3
1865,208,3
1865,212,3
1865,191,4
1866,190,3
1866,205,3
1866,188,3
1866,191,4
1867,260,3
1867,258,5
1867,86,2
1867,192,3
1868,260,3
1868,258,5
1868,86,2
1868,192,3
1869,197,2
1869,198,3
1869,189,2
1869,144,4
1870,197,2
1870,198,3
1870,189,2
1870,144,4
1871,191,4
1871,237,1
1871,78,5
1871,470,2
1872,191,4
1872,237,1
1872,78,5
1872,470,2
1873,202,2
1873,203,3
1873,189,2
1873,191,2
1874,202,2
1874,203,3
1874,189,2
1874,191,2
1875,204,4
1875,189,3
1875,267,6
1875,192,6
1876,204,4
1876,189,3
1876,267,6
1876,192,6
1877,207,3
1877,189,2
1877,208,5
1877,217,1
1878,207,3
1878,189,2
1878,208,5
1878,217,1
1879,210,1
1879,261,2
1879,34,2
1879,258,4
1880,210,1
1880,261,2
1880,34,2
1880,258,4
1881,262,4
1881,263,1
1881,200,2
1881,606,2
1882,262,4
1882,263,1
1882,200,2
1882,606,2
1883,215,3
1883,470,4
1883,194,2
1883,78,4
1884,215,3
1884,470,4
1884,194,2
1884,78,4
1885,264,3
1885,199,2
1885,40,10
1885,281,5
1886,264,3
1886,199,2
1886,40,10
1886,281,5
1887,265,2
1887,266,1
1887,199,2
1887,256,3
1888,265,2
1888,266,1
1888,199,2
1888,256,3
1889,223,3
1889,189,2
1889,190,2
1889,144,2
1890,223,3
1890,189,2
1890,190,2
1890,144,2
1891,229,3
1891,191,5
1891,219,2
1891,7,20
1892,229,3
1892,191,5
1892,219,2
1892,7,20
1893,268,2
1893,269,3
1893,213,2
1893,204,5
1894,268,2
1894,269,3
1894,213,2
1894,204,5
1895,241,3
1895,188,5
1895,221,1
1895,219,1
1896,241,3
1896,188,5
1896,221,1
1896,219,1
1897,244,2
1897,601,3
1897,221,1
1897,259,3
1898,244,2
1898,601,3
1898,221,1
1898,259,3
1899,270,3
1899,488,2
1899,191,4
1899,310,2
1900,270,3
1900,488,2
1900,191,4
1900,310,2
1901,271,2
1901,86,6
1901,221,3
1901,217,3
1902,271,2
1902,86,6
1902,221,3
1902,217,3
1903,607,5
1903,305,1
1903,124,1
1903,608,1
1904,607,5
1904,305,1
1904,124,1
1904,608,1
1905,256,4
1905,272,6
1905,127,12
1905,546,10
1906,275,1
1906,124,1
1906,108,1
1906,318,5
1907,275,1
1907,124,1
1907,108,1
1907,318,5
1908,237,1
1908,114,1
1908,124,1
1908,266,2
1909,237,2
1909,114,1
1909,124,1
1909,609,4
1910,200,2
1910,108,2
1910,124,1
1910,325,4
1911,200,2
1911,108,2
1911,124,1
1911,271,4
1912,237,1
1912,114,1
1912,124,1
1912,266,2
1913,237,2
1913,114,1
1913,124,1
1913,609,4
1914,200,2
1914,108,2
1914,124,1
1914,325,4
1915,200,2
1915,108,2
1915,124,1
1915,271,4
1916,278,1
1916,255,3
1916,486,2
1916,310,2
1917,278,1
1917,255,3
1917,486,2
1917,310,2
1918,279,1
1918,280,2
1918,267,2
1918,281,3
1919,279,1
1919,280,2
1919,267,2
1919,281,3
1920,282,2
1920,322,1
1920,284,2
1921,282,2
1921,284,2
1921,285,2
1921,281,2
1922,256,3
1922,143,2
1922,199,4
1922,131,6
1923,256,3
1923,143,2
1923,199,4
1923,131,6
1924,256,3
1924,143,2
1924,199,4
1924,131,6
1925,256,3
1925,143,2
1925,199,4
1925,131,6
1926,149,2
1926,194,4
1926,150,2
1926,152,3
1927,149,2
1927,194,4
1927,150,2
1927,152,3
1928,288,2
1928,157,1
1928,220,5
1928,310,5
1929,288,2
1929,157,1
1929,220,5
1929,310,5
1930,277,3
1930,285,4
1930,561,1
1930,310,3
1931,277,3
1931,285,4
1931,561,1
1931,310,3
1932,291,1
1932,161,3
1932,217,2
1932,559,3
1933,291,1
1933,161,3
1933,217,2
1933,559,3
1934,293,5
1934,298,2
1934,323,1
1934,124,3
1935,293,5
1935,298,2
1935,323,1
1935,124,3
1936,293,5
1936,298,2
1936,323,1
1936,124,3
1937,293,5
1937,298,2
1937,323,1
1937,124,3
1938,295,2
1938,296,1
1938,285,2
1938,256,3
1939,295,2
1939,296,1
1939,285,2
1939,256,3
1940,280,4
1940,276,2
1940,237,2
1940,172,3
1941,280,4
1941,276,2
1941,237,2
1941,172,3
1942,301,3
1942,494,2
1942,275,1
1942,158,3
1943,301,3
1943,494,2
1943,275,1
1943,158,3
1944,304,2
1944,305,2
1944,306,3
1944,303,5
1945,304,2
1945,305,2
1945,306,3
1945,303,5
1946,275,1
1946,124,1
1946,259,2
1946,317,3
1947,275,1
1947,124,1
1947,259,2
1947,317,3
1948,310,3
1948,586,4
1948,272,2
1948,274,3
1949,310,3
1949,586,4
1949,272,2
1949,273,3
1950,310,3
1950,586,4
1950,272,2
1950,274,3
1951,310,3
1951,586,4
1951,272,2
1951,273,3
1952,192,4
1952,125,4
1952,114,1
1952,610,2
1953,192,4
1953,125,4
1953,114,1
1953,610,2
1954,213,8
1954,134,4
1954,349,1
1954,136,1
1955,213,8
1955,134,4
1955,349,1
1955,136,1
1956,314,2
1956,315,5
1956,178,2
1956,256,3
1957,314,2
1957,315,5
1957,178,2
1957,256,3
1958,317,2
1958,318,4
1958,221,3
1958,200,1
1959,317,2
1959,318,4
1959,221,3
1959,200,1
1960,320,2
1960,498,3
1960,253,1
1960,200,1
1961,320,2
1961,498,3
1961,253,1
1961,200,1
1962,321,3
1962,322,3
1962,158,1
1962,323,1
1963,321,3
1963,322,3
1963,158,1
1963,323,1
1964,309,2
1964,499,3
1964,253,1
1964,256,3
1965,309,2
1965,499,3
1965,253,1
1965,256,3
1966,325,5
1966,588,3
1966,560,3
1966,124,3
1967,325,5
1967,588,3
1967,560,3
1967,124,3
1968,325,5
1968,588,3
1968,560,3
1968,124,3
1969,325,5
1969,588,3
1969,560,3
1969,124,3
1970,328,3
1970,501,2
1970,565,1
1970,158,3
1971,328,3
1971,501,2
1971,565,1
1971,158,3
1972,330,3
1972,502,2
1972,566,1
1972,611,1
1973,330,3
1973,502,2
1973,566,1
1973,611,1
1974,332,1
1974,333,2
1974,334,2
1974,208,2
1975,332,1
1975,333,2
1975,334,2
1975,208,2
1976,335,3
1976,516,2
1976,194,2
1976,191,4
1977,335,3
1977,516,2
1977,194,2
1977,191,4
1978,337,4
1978,342,2
1978,339,1
1978,368,1
1979,337,4
1979,342,2
1979,339,1
1979,368,1
1980,340,2
1980,385,1
1980,559,2
1980,386,3
1981,340,2
1981,385,1
1981,559,2
1981,386,3
1982,343,2
1982,344,3
1982,395,1
1982,78,15
1983,343,2
1983,344,3
1983,395,1
1983,78,15
1984,138,4
1984,141,3
1984,487,4
1984,337,2
1985,138,4
1985,141,3
1985,487,4
1985,337,2
1986,347,3
1986,341,2
1986,209,3
1986,350,4
1987,347,3
1987,341,2
1987,209,3
1987,350,4
1988,351,4
1988,352,2
1988,214,3
1988,191,6
1989,351,4
1989,352,2
1989,214,3
1989,191,6
1990,354,3
1990,235,2
1990,236,5
1990,376,3
1991,354,3
1991,235,2
1991,236,5
1991,376,3
1992,505,5
1992,355,3
1992,506,2
1992,256,4
1993,505,5
1993,355,3
1993,506,2
1993,256,4
1994,357,3
1994,188,5
1994,507,2
1994,516,4
1995,357,3
1995,188,5
1995,507,2
1995,516,4
1996,360,2
1996,569,3
1996,221,4
1996,395,1
1997,360,2
1997,569,3
1997,221,4
1997,395,1
1998,363,2
1998,362,3
1998,412,2
1998,113,4
1999,363,2
1999,362,3
1999,412,2
1999,113,4
2000,508,4
2000,365,3
2000,366,1
2000,368,4
2001,508,4
2001,365,3
2001,366,1
2001,368,4
2002,367,3
2002,155,1
2002,154,4
2002,208,5
2003,367,3
2003,155,1
2003,154,4
2003,208,5
2004,510,2
2004,570,4
2004,370,1
2004,113,6
2005,510,2
2005,570,4
2005,370,1
2005,113,6
2006,512,4
2006,595,4
2006,373,1
2006,113,6
2007,512,4
2007,595,4
2007,373,1
2007,113,6
2008,374,3
2008,513,2
2008,350,4
2008,354,2
2009,374,3
2009,513,2
2009,350,4
2009,354,2
2010,377,3
2010,257,6
2010,341,2
2010,398,1
2011,377,3
2011,257,6
2011,341,2
2011,398,1
2012,332,1
2012,379,2
2012,334,2
2012,208,2
2013,332,1
2013,379,2
2013,334,2
2013,208,2
2014,380,3
2014,368,1
2014,507,2
2014,350,4
2015,380,3
2015,368,1
2015,507,2
2015,350,4
2016,383,3
2016,342,2
2016,40,10
2016,368,2
2017,383,3
2017,342,2
2017,40,10
2017,368,2
2018,384,2
2018,266,1
2018,572,2
2018,386,3
2019,384,2
2019,266,1
2019,572,2
2019,386,3
2020,387,2
2020,388,3
2020,359,3
2020,191,6
2021,387,2
2021,388,3
2021,359,3
2021,191,6
2022,389,4
2022,390,2
2022,263,1
2022,350,4
2023,389,4
2023,390,2
2023,263,1
2023,350,4
2024,391,3
2024,392,1
2024,315,4
2024,507,2
2025,391,3
2025,392,1
2025,315,4
2025,507,2
2026,393,2
2026,569,3
2026,237,4
2026,354,4
2027,393,2
2027,569,3
2027,237,4
2027,354,4
2028,396,3
2028,518,2
2028,221,6
2028,354,3
2029,396,3
2029,518,2
2029,221,6
2029,354,3
2030,399,3
2030,271,6
2030,412,3
2030,519,1
2031,399,3
2031,271,6
2031,412,3
2031,519,1
2032,339,1
2032,612,1
2032,350,3
2033,520,5
2033,410,1
2033,406,6
2033,407,3
2034,520,5
2034,410,1
2034,406,6
2034,407,3
2035,400,2
2035,283,2
2035,401,3
2035,402,2
2036,401,4
2036,400,3
2036,402,2
2036,368,2
2037,408,1
2037,406,8
2037,409,3
2037,410,1
2038,405,1
2038,406,10
2038,407,10
2038,111,1
2039,376,3
2039,143,2
2039,342,4
2039,303,3
2040,376,3
2040,143,2
2040,342,4
2040,303,3
2041,376,3
2041,143,2
2041,342,4
2041,303,3
2042,376,3
2042,143,2
2042,342,4
2042,303,3
2043,413,2
2043,613,3
2043,354,5
2043,410,1
2044,413,2
2044,613,3
2044,354,5
2044,410,1
2045,415,3
2045,402,4
2045,354,5
2045,410,1
2046,415,3
2046,402,4
2046,354,5
2046,410,1
2047,408,1
2047,291,3
2047,383,3
2047,572,2
2048,408,1
2048,291,3
2048,383,3
2048,572,2
2049,419,2
2049,420,4
2049,276,2
2049,299,1
2050,419,2
2050,420,4
2050,276,2
2050,299,1
2051,422,2
2051,423,1
2051,402,2
2051,376,2
2052,422,2
2052,423,1
2052,402,2
2052,376,2
2053,528,4
2053,417,3
2053,276,2
2053,410,1
2054,528,4
2054,417,3
2054,276,2
2054,410,1
2055,428,1
2055,576,4
2055,172,6
2055,410,1
2056,428,1
2056,576,4
2056,172,6
2056,410,1
2057,431,3
2057,530,2
2057,531,1
2057,323,3
2058,431,3
2058,530,2
2058,531,1
2058,323,3
2059,533,2
2059,434,4
2059,429,4
2059,436,1
2060,533,2
2060,434,4
2060,429,4
2060,436,1
2061,113,5
2061,125,5
2061,114,2
2061,342,3
2062,113,5
2062,125,5
2062,114,2
2062,342,3
2063,350,4
2063,389,4
2063,134,4
2063,437,1
2064,350,4
2064,389,4
2064,134,4
2064,437,1
2065,438,2
2065,439,4
2065,341,3
2065,339,1
2066,438,2
2066,439,4
2066,341,3
2066,339,1
2067,441,2
2067,534,3
2067,373,1
2067,339,1
2068,441,2
2068,534,3
2068,373,1
2068,339,1
2069,442,3
2069,404,3
2069,323,1
2069,444,1
2070,442,3
2070,404,3
2070,323,1
2070,444,1
2071,445,2
2071,535,3
2071,373,1
2071,376,3
2072,445,2
2072,535,3
2072,373,1
2072,376,3
2073,600,5
2073,405,1
2073,444,1
2073,410,1
2074,600,5
2074,405,1
2074,444,1
2074,410,1
2075,600,5
2075,405,1
2075,444,1
2075,410,1
2076,600,5
2076,405,1
2076,444,1
2076,410,1
2077,536,3
2077,447,2
2077,579,1
2077,366,1
2078,536,3
2078,447,2
2078,579,1
2078,366,1
2079,449,3
2079,537,2
2079,580,1
2079,446,1
2080,449,3
2080,537,2
2080,580,1
2080,446,1
