armor_id,skill_tree_id,point_value
1,55,2
1,73,-2
1,74,4
1,66,3
2,87,2
2,70,1
2,67,2
2,94,2
2,90,-2
3,12,-1
3,3,2
3,70,2
3,65,2
3,71,2
4,10,-1
4,3,3
4,66,3
4,68,2
5,10,-1
5,66,3
5,44,3
5,68,2
6,30,10
7,20,2
7,65,-2
7,66,1
7,95,3
7,92,2
8,20,2
8,65,-1
8,66,1
8,95,3
8,91,2
9,16,3
9,9,-2
9,5,2
9,66,2
10,16,3
10,38,2
10,9,-2
10,66,2
11,28,2
11,29,2
11,78,-1
11,1,2
11,66,2
12,41,2
12,33,2
12,78,-1
12,1,2
12,66,2
13,12,-1
13,10,3
13,28,1
13,66,2
13,93,2
14,12,-1
14,10,3
14,35,2
14,66,1
14,94,2
15,12,3
15,11,-2
15,93,2
15,85,2
16,12,3
16,11,-2
16,93,2
16,85,2
17,3,3
17,71,1
17,76,-2
17,60,3
18,3,3
18,39,2
18,76,-2
18,60,2
19,55,-2
19,18,5
19,8,2
20,55,-2
20,18,3
20,8,2
21,12,3
21,11,-1
21,3,3
21,28,2
22,12,3
22,54,-1
22,38,4
22,52,1
23,10,-1
23,11,3
23,54,-2
23,52,2
23,15,1
24,10,-1
24,11,3
24,35,4
24,15,1
25,3,2
25,1,3
25,2,-1
25,9,2
25,6,-1
26,3,2
26,1,3
26,2,-1
26,9,2
26,6,-1
27,78,3
27,73,4
27,74,-2
28,78,1
28,73,4
28,74,-2
29,14,2
29,88,2
29,78,-2
29,89,3
30,14,2
30,88,2
30,78,-2
30,89,3
31,11,3
31,78,-2
31,7,2
31,76,2
32,11,3
32,78,-1
32,7,2
32,76,1
33,10,-2
33,54,4
33,86,2
33,92,1
34,10,-1
34,54,3
34,86,2
34,44,1
35,29,2
35,87,3
35,2,2
35,7,-2
36,56,1
36,87,2
36,2,2
36,7,-2
37,12,-2
37,73,2
37,74,2
37,76,3
38,12,-2
38,73,2
38,74,2
38,76,3
39,29,-2
39,6,1
39,72,1
39,57,3
40,6,2
40,72,2
40,57,3
40,44,-2
41,3,-1
41,54,-1
41,51,2
41,53,1
41,1,2
42,3,-1
42,54,-1
42,51,2
42,53,1
42,1,2
43,10,3
43,86,2
43,19,2
43,80,-2
44,10,3
44,86,2
44,19,1
44,80,-1
45,28,-2
45,86,5
45,84,2
46,86,3
46,84,2
46,93,-2
47,11,-2
47,78,3
47,72,2
47,85,2
48,11,-2
48,78,3
48,72,2
48,85,2
49,13,2
49,10,-2
49,2,2
49,71,2
49,75,2
50,13,2
50,10,-1
50,2,1
50,71,1
50,75,2
51,3,3
51,1,2
51,55,-2
51,59,2
52,3,3
52,1,1
52,55,-1
52,59,2
53,26,1
53,51,3
53,18,1
53,67,-2
54,51,3
54,37,1
54,18,1
54,67,-2
55,16,2
55,74,3
55,75,-2
55,17,2
56,16,2
56,74,1
56,75,-2
56,17,2
57,26,3
57,25,1
57,28,2
57,2,-3
58,34,2
58,37,1
58,2,-2
58,44,2
59,10,-1
59,11,2
59,3,3
59,66,3
60,10,-1
60,11,2
60,3,3
60,66,1
61,55,-2
61,18,2
61,66,3
61,90,2
62,55,-1
62,18,1
62,66,3
62,90,2
63,12,-2
63,54,1
63,1,4
63,66,2
64,12,-2
64,54,1
64,1,4
64,66,2
65,3,-2
65,51,4
65,19,2
65,80,-1
66,3,-2
66,51,2
66,19,2
66,80,-1
67,13,4
67,29,2
67,2,1
67,76,-2
68,13,3
68,40,4
68,76,-2
69,26,2
69,2,-1
69,19,3
69,80,-3
70,41,2
70,78,-1
70,19,3
70,80,-1
71,56,2
71,78,-2
71,2,5
72,56,2
72,78,-2
72,2,3
73,52,10
73,66,1
74,3,2
74,78,-3
74,89,2
74,90,2
75,88,10
75,20,1
76,3,10
76,76,1
77,9,-2
77,5,2
77,80,3
78,6,2
78,7,-2
78,80,3
79,51,3
79,9,4
80,6,4
80,85,3
81,7,4
81,76,3
82,26,2
82,41,2
82,8,3
83,54,3
83,5,4
84,96,15
85,55,-3
85,18,6
86,89,4
86,90,5
86,91,2
87,5,-2
87,7,2
87,80,3
89,87,2
89,53,2
89,74,-2
89,57,3
90,79,2
90,78,3
90,73,-2
90,66,2
91,71,3
91,80,2
91,66,2
91,91,-2
92,35,2
92,80,-2
92,44,2
92,68,3
93,55,2
93,67,-1
93,80,1
93,60,3
94,55,2
94,86,3
94,67,-2
94,80,2
95,71,3
95,80,2
95,66,2
95,91,-2
96,35,2
96,80,-2
96,44,2
96,68,3
97,55,2
97,67,-1
97,80,1
97,60,3
98,55,2
98,86,3
98,67,-2
98,80,2
99,9,2
99,6,-2
99,80,3
100,11,4
100,25,1
100,34,1
100,4,-2
100,76,3
101,78,-1
101,67,3
101,69,2
101,84,2
101,76,1
102,78,-1
102,67,3
102,69,2
102,84,2
102,76,1
103,52,2
103,72,2
103,93,3
103,95,2
104,52,2
104,72,2
104,93,3
104,95,2
105,13,2
105,79,-2
105,82,2
105,83,5
106,79,-2
106,47,2
106,82,2
106,83,5
107,52,2
107,70,2
107,74,-2
107,57,3
108,52,2
108,70,2
108,74,-1
108,57,2
109,52,2
109,70,2
109,74,-2
109,57,3
110,52,2
110,70,2
110,74,-1
110,57,2
113,79,2
113,3,-3
113,27,2
114,3,-3
114,39,2
114,42,2
115,10,-2
115,54,2
115,29,2
115,75,3
116,10,-2
116,54,2
116,43,2
116,75,3
117,18,2
117,19,4
117,75,-3
118,18,2
118,19,4
118,75,-3
119,11,-2
119,9,2
119,75,2
119,62,3
120,11,-2
120,9,2
120,75,2
120,62,3
121,53,2
121,4,3
121,66,2
121,85,-2
122,53,2
122,4,3
122,66,2
122,85,-2
123,27,2
123,55,1
123,4,2
123,59,-2
124,55,1
124,4,2
124,59,-2
124,61,2
125,54,2
125,29,3
125,66,3
125,76,-1
126,54,2
126,41,3
126,36,1
126,78,-1
127,54,2
127,29,3
127,66,3
127,76,-1
128,54,2
128,41,3
128,36,1
128,78,-1
129,51,2
129,29,1
129,20,2
129,74,-2
130,51,1
130,56,5
130,20,1
130,74,-2
131,29,3
131,80,2
131,90,-2
131,17,2
132,41,-1
132,43,2
132,80,2
132,90,-2
132,17,2
133,51,3
133,74,-3
133,15,3
134,51,3
134,74,-3
134,15,3
135,79,-2
135,72,2
135,57,1
135,91,2
136,79,-2
136,72,2
136,57,1
136,91,2
137,25,1
137,51,2
137,55,-2
137,59,4
138,51,2
138,55,-2
138,59,4
138,61,1
139,14,2
139,79,-2
139,71,3
139,84,2
140,14,1
140,79,-1
140,71,3
140,84,2
141,51,1
141,1,3
141,55,-2
141,18,3
142,51,1
142,1,3
142,55,-1
142,18,2
143,55,2
143,73,-2
143,74,3
144,94,10
144,90,-1
145,12,-1
145,3,2
145,65,2
145,71,2
146,10,-2
146,54,2
146,1,2
146,66,3
147,10,-2
147,54,2
147,1,2
147,66,1
148,20,2
148,65,-2
148,90,2
148,92,1
149,20,2
149,65,-2
149,72,1
149,90,2
150,28,2
150,29,2
150,1,1
150,76,-2
151,41,2
151,40,2
151,78,-2
151,1,1
152,12,-2
152,10,3
152,28,2
153,12,-2
153,10,3
153,35,2
154,12,5
154,11,-2
154,85,2
155,12,3
155,11,-2
155,85,2
156,2,2
156,4,-2
156,60,5
157,2,2
157,4,-2
157,60,3
158,11,-2
158,26,2
158,8,3
159,11,-3
159,34,2
159,8,3
159,44,1
160,12,5
160,11,-2
160,52,2
161,12,3
161,11,-2
161,52,2
162,10,-2
162,11,3
162,2,2
163,10,-2
163,11,3
163,33,2
164,1,5
164,2,-2
164,9,2
165,1,3
165,2,-2
165,9,2
166,73,5
166,74,-1
166,66,3
167,73,3
167,74,-1
167,66,3
168,14,2
168,79,-2
168,53,2
168,89,3
169,14,2
169,79,-2
169,33,2
169,89,3
170,11,5
170,78,-2
170,76,2
171,11,3
171,78,-2
171,76,2
172,10,-2
172,54,5
172,86,2
173,10,-2
173,54,3
173,86,2
174,29,2
174,87,2
174,2,2
174,76,-1
175,41,3
175,2,2
175,4,-2
176,13,5
176,78,-2
176,76,2
177,13,1
177,78,-3
177,76,3
178,13,3
178,11,2
178,2,2
178,8,-2
179,13,1
179,11,2
179,2,2
179,8,-2
180,78,-2
180,73,2
180,74,2
180,76,1
181,78,-2
181,73,2
181,74,2
181,76,1
182,1,6
182,55,-1
182,59,2
183,1,3
183,55,-2
183,59,2
184,11,2
184,51,3
184,18,2
184,67,-2
185,51,3
185,18,2
185,67,-2
185,45,2
186,16,2
186,1,4
186,73,-1
186,74,2
187,16,2
187,1,2
187,73,-1
187,74,2
188,25,2
188,28,1
188,1,2
188,2,-2
189,34,2
189,37,3
189,2,-2
190,10,-2
190,11,3
190,3,4
191,10,-1
191,11,2
191,3,4
192,1,-2
192,58,3
192,77,2
193,1,-2
193,58,1
193,77,4
194,55,-2
194,18,1
194,66,1
194,90,3
195,55,-2
195,18,3
195,66,1
195,90,1
196,10,-2
196,54,3
196,1,4
197,10,-1
197,54,2
197,1,4
198,3,-3
198,51,4
198,19,2
199,3,-2
199,51,3
199,19,2
200,29,2
200,2,3
200,76,-2
201,43,2
201,2,3
201,76,-2
202,79,-1
202,67,2
202,95,2
203,70,2
203,65,-1
203,71,2
204,13,-2
204,88,2
204,66,3
205,13,-2
205,39,2
205,66,3
206,29,-1
206,20,2
206,92,3
206,15,3
207,20,2
207,44,-2
207,15,3
208,29,2
208,2,3
208,76,-2
209,41,2
209,2,3
209,4,-2
210,16,3
210,9,-2
210,57,2
211,16,1
211,9,-2
211,57,2
212,13,4
212,52,2
212,6,-1
213,13,2
213,52,2
213,6,-1
214,53,3
214,55,2
214,76,-2
215,53,1
215,55,2
215,76,-2
216,55,-3
216,18,4
216,67,2
217,55,-2
217,18,3
217,67,2
218,12,3
218,5,-2
218,80,2
219,12,1
219,5,-2
219,80,2
220,11,3
220,7,-2
220,84,2
221,11,1
221,7,-2
221,84,2
222,3,-2
222,51,3
222,53,2
223,3,-2
223,51,1
223,53,2
224,78,4
224,73,2
224,74,-1
225,78,2
225,73,2
225,74,-1
226,88,2
226,78,-2
226,59,1
227,35,1
227,88,2
227,78,-2
228,10,4
228,19,2
228,80,-1
229,10,1
229,19,2
229,80,-2
230,54,-1
230,86,6
230,84,2
231,54,-1
231,86,4
231,84,2
232,56,2
232,2,3
232,7,-2
233,2,1
233,7,-2
234,10,-2
234,29,2
234,75,3
235,10,-2
235,37,3
235,75,2
236,11,-2
236,78,3
236,85,2
237,11,-2
237,78,3
237,85,2
238,52,2
238,18,3
238,75,-2
239,52,1
239,18,2
239,75,-2
240,3,-3
240,26,2
240,51,2
241,3,-3
241,51,2
241,41,2
242,26,2
242,2,-2
242,19,3
243,41,2
243,19,3
243,80,-2
244,56,3
244,78,-3
244,2,1
245,56,2
245,78,-2
245,2,3
246,25,2
246,51,3
246,55,-2
248,53,2
248,74,-2
248,57,3
249,79,2
249,78,4
249,73,-1
250,55,-2
250,70,2
250,71,3
250,80,2
251,35,2
251,38,3
251,55,-2
251,70,2
252,55,2
252,80,-3
252,68,4
253,33,2
253,80,-3
253,68,4
254,55,-2
254,70,2
254,71,3
254,80,2
255,35,2
255,38,3
255,55,-2
255,70,2
256,55,2
256,80,-3
256,68,4
257,33,2
257,80,-3
257,68,4
258,66,3
258,77,-3
258,62,3
259,66,4
259,76,1
259,77,-2
259,62,2
260,55,-3
260,80,4
260,68,4
261,88,3
261,55,-2
261,80,2
261,68,4
262,79,-2
262,25,2
262,59,3
262,92,2
263,79,2
263,59,3
263,44,-1
263,60,3
264,52,2
264,74,-3
264,57,4
265,52,2
265,74,-2
265,57,3
266,52,2
266,74,-3
266,57,4
267,52,2
267,74,-2
267,57,3
268,3,-3
268,27,2
268,52,2
269,3,-3
269,52,2
269,42,2
270,18,2
270,19,5
270,75,-2
271,18,2
271,19,3
271,75,-2
272,11,-1
272,26,2
272,75,1
272,62,3
273,11,-1
273,34,2
273,75,1
273,62,3
274,53,2
274,4,5
274,85,-2
275,53,2
275,4,5
275,85,-2
276,10,-2
276,54,2
276,29,3
276,56,2
277,10,-2
277,54,3
277,41,4
278,10,-2
278,54,2
278,29,3
278,56,2
279,10,-2
279,54,3
279,41,4
280,29,3
280,90,-2
280,17,2
281,43,3
281,80,2
281,90,-2
281,17,2
282,51,5
282,74,-2
282,15,2
283,51,3
283,74,-2
283,15,2
284,26,3
284,27,1
284,51,-2
284,55,-3
285,51,-2
285,33,1
285,55,-3
285,42,3
286,25,2
286,51,4
286,18,1
286,62,-2
287,51,4
287,18,1
287,61,2
287,62,-2
288,90,5
288,91,2
289,52,2
289,74,-1
289,57,2
290,79,-1
290,78,2
290,86,2
291,55,2
291,76,-1
291,60,2
292,79,-1
292,55,2
292,86,4
293,55,2
293,76,-1
293,60,2
294,79,-1
294,55,2
294,86,4
295,3,-1
295,67,3
295,69,2
295,84,1
296,3,-1
296,67,3
296,69,2
296,84,1
297,93,5
297,95,2
298,93,3
298,95,2
299,25,2
299,51,1
299,55,-2
299,59,2
300,51,1
300,55,-2
300,59,2
300,61,2
301,14,1
301,79,-1
301,71,3
301,84,2
302,14,1
302,79,-1
302,71,3
302,84,2
303,3,-2
303,51,2
303,18,3
304,3,-2
304,51,2
304,18,3
305,3,3
305,71,-1
305,80,3
306,3,3
306,71,-1
306,80,3
307,27,2
307,1,3
307,2,-2
308,34,2
308,53,1
308,1,2
308,2,-2
309,10,-2
309,54,3
309,27,2
310,10,-2
310,54,3
310,34,2
311,10,-2
311,54,3
311,27,2
312,10,-2
312,54,3
312,34,2
313,25,2
313,2,-2
313,55,3
313,76,2
314,2,-2
314,55,-3
314,76,2
314,61,2
315,26,-2
315,25,2
315,27,2
315,55,-3
316,55,-3
316,76,-2
316,61,2
316,62,2
317,54,5
317,1,2
317,2,-2
318,54,2
318,1,2
318,2,-3
319,52,4
319,78,-2
319,89,3
320,14,4
320,34,3
320,78,-2
321,11,3
321,84,-3
321,68,3
322,84,-3
322,68,5
322,45,1
323,12,3
323,10,-2
323,84,4
324,12,3
324,10,-2
324,54,4
325,56,1
325,88,3
325,2,3
325,4,-2
326,56,1
326,39,3
326,2,3
326,4,-2
327,12,-2
327,13,1
327,77,6
328,12,-2
328,47,4
328,77,1
329,1,-2
329,2,2
329,55,2
329,60,3
330,1,-2
330,2,3
330,55,2
331,76,3
331,77,-3
331,82,3
332,76,1
332,77,-1
332,82,2
332,83,5
333,26,2
333,55,-2
333,66,3
333,59,2
334,34,2
334,55,-2
334,66,3
334,59,2
335,54,-2
335,26,2
335,28,3
335,18,2
336,54,-2
336,33,2
336,18,2
336,49,3
337,53,3
337,73,-2
337,17,4
338,53,3
338,73,-2
338,94,4
339,3,-4
339,27,4
339,31,1
340,3,-3
340,37,2
340,61,4
341,3,3
341,26,3
341,28,-2
341,84,1
342,3,1
342,35,3
342,84,3
342,44,-2
343,1,-2
343,57,2
343,58,3
343,81,2
344,1,-3
344,57,3
344,58,1
345,93,-2
345,75,5
345,63,1
345,62,3
346,93,-2
346,75,2
346,63,3
346,62,2
347,55,-2
347,18,2
347,90,3
347,83,2
348,55,-3
348,18,2
348,90,2
349,1,4
349,31,3
349,62,-2
350,33,3
350,1,4
350,62,-2
351,1,3
351,19,4
351,65,-2
352,1,6
352,19,1
352,65,-2
353,3,3
353,29,1
353,56,3
353,77,-2
354,3,3
354,56,3
354,43,1
354,77,-2
355,3,-3
355,51,1
355,19,3
356,3,-3
356,51,1
356,41,3
357,26,-3
357,51,2
357,90,2
358,35,4
358,90,3
358,62,-2
359,10,4
359,78,-2
359,76,3
360,10,2
360,78,-3
360,76,2
361,55,-3
361,18,5
361,86,1
362,55,-2
362,18,3
362,86,2
363,29,3
363,1,3
363,76,-2
363,63,1
364,41,-2
364,43,3
364,40,3
364,63,1
365,78,3
365,76,3
365,77,-3
366,78,2
366,66,5
366,76,1
366,77,-1
367,26,1
367,1,3
367,74,-3
368,33,1
368,74,-3
368,42,3
369,26,2
369,25,3
369,2,-4
370,41,3
370,34,3
370,2,-3
371,26,2
371,55,-3
371,18,2
372,41,2
372,55,-3
372,18,2
373,53,3
373,2,3
373,76,-3
374,53,2
374,2,5
374,76,-2
376,79,-3
376,25,2
376,62,4
377,33,2
377,92,3
377,62,4
378,25,1
378,4,4
378,59,-2
380,74,-2
380,67,2
380,57,3
380,31,2
381,35,2
381,74,-2
381,67,2
381,57,3
382,74,-2
382,67,2
382,57,3
382,31,2
383,35,2
383,74,-2
383,67,2
383,57,3
384,79,1
384,18,5
384,75,-2
384,23,1
385,79,3
385,18,1
385,75,-2
385,23,3
386,11,-2
386,26,1
386,57,4
386,22,2
387,11,-2
387,41,4
387,43,1
387,22,2
388,53,4
388,55,2
388,4,-2
388,76,1
389,53,1
389,55,-2
389,4,-2
389,76,4
390,86,3
390,85,-2
390,76,3
390,24,1
391,86,1
391,85,-2
391,58,3
391,24,3
392,29,5
392,90,-2
392,17,3
392,63,1
393,43,5
393,90,-2
393,17,3
393,63,1
394,26,3
394,51,3
394,85,-2
394,24,1
395,51,1
395,33,3
395,85,-2
395,24,3
396,27,2
396,78,-3
396,90,4
397,78,-3
397,61,2
397,90,4
398,26,3
398,8,-3
398,58,1
398,21,2
399,34,3
399,8,-3
399,58,1
399,21,2
400,25,3
400,27,1
400,55,-3
400,17,2
401,41,3
401,55,-3
401,61,3
402,69,3
402,71,-2
402,81,2
403,69,1
403,71,-3
403,58,4
403,81,1
404,55,-2
404,18,2
404,93,5
405,55,-3
405,18,3
405,93,3
406,55,2
406,86,5
406,59,-2
407,55,3
407,86,2
407,59,-2
408,3,-3
408,51,1
408,18,1
408,77,4
409,3,-2
409,51,2
409,18,3
410,25,2
410,71,-2
410,80,2
410,82,3
411,71,-2
411,80,2
411,61,2
411,82,3
412,27,3
412,1,4
412,2,-2
413,34,3
413,1,4
413,2,-2
414,10,-3
414,54,2
414,31,2
415,10,-3
415,54,2
415,35,2
416,10,-3
416,54,2
416,31,2
417,10,-3
417,54,2
417,35,2
418,54,-3
418,25,2
418,57,2
418,64,2
419,54,-3
419,57,2
419,61,2
419,64,2
420,80,-3
420,77,2
420,32,2
421,80,-3
421,77,4
421,50,2
422,80,15
423,27,10
424,66,15
425,61,10
426,55,2
426,5,1
426,73,-2
426,74,4
427,87,2
427,70,2
427,67,2
427,93,2
427,90,-1
428,12,-1
428,3,3
428,78,2
428,65,1
428,71,2
429,10,-1
429,66,3
429,68,2
429,91,3
430,10,-1
430,33,3
430,66,2
430,68,2
431,20,3
431,65,-1
431,66,1
431,95,2
431,92,2
432,20,3
432,65,-1
432,66,1
432,95,2
432,91,2
433,16,2
433,29,2
433,9,-1
433,66,2
434,16,2
434,35,2
434,9,-1
434,66,2
435,3,2
435,28,3
435,78,-2
435,1,2
436,41,3
436,78,-2
436,1,2
436,44,2
437,12,-2
437,10,3
437,28,2
437,93,2
438,12,-2
438,10,3
438,38,2
438,94,2
439,12,3
439,11,-2
439,93,2
439,85,2
440,12,3
440,11,-2
440,93,2
440,85,2
441,3,3
441,71,1
441,76,-1
441,60,2
442,3,3
442,39,1
442,76,-1
442,60,2
443,55,-2
443,18,3
443,8,2
444,55,-2
444,18,3
444,8,2
445,12,3
445,54,-3
445,52,3
446,12,3
446,11,-1
446,54,-1
446,35,3
446,52,1
447,29,4
447,65,2
447,76,-3
448,10,-1
448,11,3
448,3,4
448,15,1
449,10,-1
449,11,3
449,38,4
449,15,1
450,3,3
450,1,2
450,2,-1
450,9,1
451,3,3
451,1,2
451,2,-1
451,9,1
452,78,1
452,73,4
452,74,-2
453,78,1
453,73,4
453,74,-2
454,14,2
454,88,2
454,78,-2
454,89,3
455,14,2
455,33,2
455,78,-2
455,89,3
456,11,3
456,78,-1
456,7,2
456,76,1
457,11,3
457,78,-1
457,7,2
457,76,1
458,10,-1
458,54,3
458,86,2
458,92,1
459,10,-1
459,54,3
459,86,2
459,44,1
460,29,2
460,87,1
460,2,2
460,7,-2
461,56,2
461,87,1
461,2,2
461,7,-2
462,12,-2
462,73,2
462,74,2
462,76,1
463,12,-2
463,73,2
463,74,2
463,76,1
464,29,-2
464,6,1
464,72,1
464,57,3
465,6,1
465,72,1
465,57,3
465,44,-2
466,3,-1
466,54,-1
466,51,2
466,53,1
466,1,2
467,3,-1
467,54,-1
467,51,2
467,53,1
467,1,2
468,10,3
468,86,2
468,19,1
468,80,-1
469,10,3
469,86,2
469,19,1
469,80,-1
470,28,-2
470,86,3
470,84,2
471,86,3
471,84,2
471,93,-2
472,11,-2
472,78,3
472,85,2
473,11,-2
473,78,3
473,85,2
474,13,2
474,10,-1
474,2,1
474,71,1
474,75,2
475,13,2
475,10,-1
475,2,1
475,71,1
475,75,2
476,3,3
476,1,1
476,55,-1
476,59,2
477,3,3
477,1,1
477,55,-1
477,59,2
478,26,2
478,51,2
478,18,1
478,67,-2
479,51,2
479,37,2
479,18,1
479,67,-2
480,16,2
480,74,1
480,75,-2
480,17,2
481,16,2
481,74,1
481,75,-2
481,17,2
482,26,3
482,25,1
482,28,2
482,2,-3
483,34,2
483,37,1
483,2,-2
483,44,2
484,10,-1
484,11,2
484,3,3
484,66,1
485,10,-1
485,11,2
485,3,3
485,66,1
486,55,-1
486,18,1
486,66,3
486,90,2
487,55,-1
487,18,1
487,66,3
487,90,2
488,12,-2
488,54,1
488,1,4
488,66,2
489,12,-2
489,54,1
489,1,4
489,66,2
490,3,-2
490,51,2
490,19,2
490,80,-1
491,3,-2
491,51,2
491,19,2
491,80,-1
492,13,2
492,29,2
492,2,1
492,76,-2
493,13,3
493,40,2
493,76,-2
494,26,2
494,2,-1
494,19,3
494,80,-1
495,41,2
495,78,-1
495,19,3
495,80,-1
496,56,2
496,78,-2
496,2,1
497,56,2
497,78,-2
497,2,3
498,3,2
498,78,-3
498,89,2
498,90,2
499,9,-2
499,5,2
499,80,3
500,6,2
500,7,-2
500,80,3
501,13,4
501,55,5
502,80,2
502,66,5
503,89,3
503,90,3
503,91,3
504,5,-2
504,7,2
504,80,3
505,25,2
505,89,1
505,65,-2
505,61,2
506,87,2
506,53,2
506,74,-2
506,57,1
507,79,2
507,78,2
507,73,-2
507,66,1
508,71,3
508,80,2
508,66,2
508,91,-2
509,35,2
509,80,-2
509,44,2
509,68,3
510,55,2
510,67,-1
510,80,1
510,60,3
511,55,2
511,86,3
511,67,-1
511,80,1
512,71,3
512,80,2
512,66,2
512,91,-2
513,35,2
513,80,-2
513,44,2
513,68,3
514,55,2
514,67,-1
514,80,1
514,60,3
515,55,2
515,86,3
515,67,-1
515,80,1
516,9,2
516,6,-2
516,80,3
517,11,1
517,25,2
517,34,2
517,4,-2
517,76,2
518,78,-1
518,67,3
518,69,2
518,76,1
519,78,-1
519,67,3
519,69,2
519,76,1
520,52,2
520,72,2
520,93,3
520,95,2
521,52,2
521,72,2
521,93,3
521,95,2
522,13,2
522,79,-2
522,82,3
523,79,-2
523,47,2
523,82,3
524,52,2
524,74,-1
524,67,2
524,57,2
525,52,2
525,74,-1
525,67,2
525,57,2
526,52,2
526,74,-1
526,67,2
526,57,2
527,52,2
527,74,-1
527,67,2
527,57,2
530,79,2
530,3,-3
530,27,2
531,3,-3
531,39,2
531,42,2
532,10,-2
532,54,2
532,29,2
532,75,3
533,10,-2
533,54,2
533,43,2
533,75,3
534,18,2
534,19,4
534,75,-3
535,18,2
535,19,4
535,75,-3
536,11,-2
536,9,3
536,75,3
536,62,1
537,11,-2
537,9,3
537,75,3
537,62,1
538,53,2
538,4,3
538,85,-2
539,53,2
539,4,3
539,85,-2
540,27,2
540,55,2
540,4,1
540,59,-2
541,55,2
541,4,1
541,59,-2
541,61,2
542,54,2
542,29,3
542,66,1
542,76,-1
543,54,2
543,41,3
543,36,1
543,78,-1
544,54,2
544,29,3
544,66,1
544,76,-1
545,54,2
545,41,3
545,36,1
545,78,-1
546,51,2
546,29,1
546,20,2
546,74,-2
547,51,2
547,29,1
547,20,2
547,74,-2
548,29,3
548,90,-2
548,17,2
549,41,-1
549,43,2
549,90,-2
549,17,2
550,51,3
550,74,-3
550,15,3
551,51,3
551,74,-3
551,15,3
552,79,-2
552,72,2
552,57,1
552,91,2
553,79,-2
553,72,2
553,57,1
553,91,2
554,25,2
554,51,1
554,55,-3
554,59,1
555,51,1
555,55,-3
555,59,1
555,61,2
556,14,2
556,79,-2
556,71,1
556,84,2
557,14,2
557,79,-2
557,71,1
557,84,2
558,51,1
558,1,3
558,55,-1
558,18,2
559,51,1
559,1,3
559,55,-1
559,18,2
560,55,2
560,73,-2
560,74,3
561,70,4
561,67,5
562,12,-1
562,3,2
562,65,2
562,71,2
563,10,-2
563,54,2
563,1,2
563,66,1
564,10,-1
564,54,2
564,1,2
564,66,1
565,20,2
565,65,-2
565,90,2
565,92,1
566,20,2
566,65,-2
566,72,1
566,90,2
567,28,2
567,29,2
567,1,2
567,76,-1
568,41,2
568,40,2
568,78,-1
568,1,2
569,12,-2
569,10,3
569,28,2
570,12,-2
570,10,3
570,35,2
571,12,1
571,11,-2
571,85,2
572,12,3
572,11,-2
572,85,2
573,2,2
573,4,-2
573,60,1
574,2,2
574,4,-2
574,60,3
575,29,5
575,76,-2
576,11,-2
576,26,2
576,8,3
577,11,-2
577,34,2
577,8,3
578,12,1
578,11,-2
578,52,2
579,12,3
579,11,-2
579,52,2
580,10,-2
580,11,3
580,2,2
581,10,-2
581,11,3
581,33,2
582,1,1
582,2,-2
582,9,2
583,1,3
583,2,-2
583,9,2
584,73,1
584,74,-1
584,66,3
585,73,3
585,74,-1
585,66,3
586,14,2
586,79,-1
586,53,2
587,14,2
587,79,-1
587,33,2
588,11,1
588,78,-2
588,76,2
589,11,3
589,78,-2
589,76,2
590,10,-2
590,54,2
590,86,1
591,10,-2
591,54,2
591,86,1
592,29,2
592,87,2
592,2,2
592,76,-1
593,41,2
593,39,1
593,2,2
593,4,-2
594,13,1
594,78,-1
594,76,1
595,13,1
595,78,-1
595,76,1
596,13,1
596,11,2
596,2,2
596,8,-2
597,13,1
597,11,2
597,2,2
597,8,-2
598,78,-2
598,73,2
598,74,2
598,76,1
599,78,-2
599,73,2
599,74,2
599,76,1
600,1,2
600,55,-1
600,59,2
601,1,2
601,55,-1
601,59,2
602,51,1
602,18,2
602,67,-2
603,51,1
603,18,2
603,67,-2
604,16,2
604,1,2
604,73,-1
604,74,2
605,16,2
605,1,2
605,73,-1
605,74,2
606,25,2
606,28,1
606,1,2
606,2,-2
607,34,2
607,37,3
607,2,-2
608,10,-1
608,11,2
608,3,4
609,10,-1
609,11,2
609,3,4
610,1,-2
610,58,2
610,77,3
611,1,-2
611,58,2
611,77,3
612,55,-2
612,18,2
612,66,1
612,90,2
613,55,-2
613,18,2
613,66,1
613,90,2
614,10,-2
614,54,1
614,1,4
615,10,-2
615,54,1
615,1,4
616,3,-2
616,51,3
616,19,2
617,3,-2
617,51,3
617,19,2
618,29,2
618,2,1
618,76,-2
619,43,2
619,2,1
619,76,-2
620,79,-1
620,67,2
620,95,2
621,70,2
621,65,-1
621,71,2
622,13,-2
622,88,2
622,66,1
623,13,-2
623,39,2
623,66,1
624,29,-1
624,20,2
624,92,1
624,15,1
625,20,2
625,44,-2
625,15,3
626,29,2
626,2,1
626,76,-2
627,41,2
627,2,1
627,4,-2
628,16,1
628,9,-2
628,57,2
629,16,1
629,9,-2
629,57,2
630,13,2
630,52,2
630,6,-1
631,13,2
631,52,2
631,6,-1
632,53,1
632,55,2
632,76,-2
633,53,1
633,55,2
633,76,-2
634,29,5
634,76,-2
635,55,-2
635,18,1
635,67,2
636,55,-2
636,18,1
636,67,2
637,12,1
637,5,-2
637,80,2
638,12,1
638,5,-2
638,80,2
639,11,1
639,7,-2
639,84,2
640,11,1
640,7,-2
640,84,2
641,3,-2
641,51,1
641,53,2
642,3,-2
642,51,1
642,53,2
643,78,2
643,73,2
643,74,-1
644,78,2
644,73,2
644,74,-1
645,88,2
645,78,-2
645,59,1
646,35,1
646,88,2
646,78,-2
647,10,2
647,19,2
647,80,-1
648,10,2
648,19,2
648,80,-1
649,54,-1
649,86,2
649,84,2
650,54,-1
650,86,2
650,84,2
651,56,2
651,2,1
651,7,-2
652,56,2
652,2,1
652,7,-2
653,10,-2
653,29,2
653,75,3
654,10,-2
654,37,3
654,75,2
655,11,-2
655,78,3
655,85,2
656,11,-2
656,78,3
656,85,2
657,52,1
657,18,2
657,75,-2
658,52,1
658,18,2
658,75,-2
659,3,-1
659,26,2
659,51,2
660,3,-1
660,51,2
660,41,2
661,26,2
661,2,-2
661,19,3
662,41,2
662,19,3
662,80,-2
663,56,1
663,78,-1
663,2,1
664,56,1
664,78,-1
664,2,1
665,14,2
665,55,5
666,80,5
667,25,2
667,65,-2
667,61,2
667,90,1
668,53,2
668,74,-1
668,57,2
669,79,2
669,78,2
669,73,-1
670,55,-2
670,70,2
670,71,3
670,80,2
671,35,2
671,38,3
671,55,-2
671,70,2
672,55,2
672,80,-3
672,68,4
673,33,2
673,80,-3
673,68,4
674,55,-2
674,70,2
674,71,3
674,80,2
675,35,2
675,38,3
675,55,-2
675,70,2
676,55,2
676,80,-3
676,68,4
677,33,2
677,80,-3
677,68,4
678,66,4
678,76,1
678,77,-1
678,62,1
679,66,4
679,76,1
679,77,-1
679,62,1
680,88,1
680,55,-1
680,80,3
680,68,4
681,88,1
681,55,-1
681,80,3
681,68,4
682,79,-2
682,25,2
682,59,3
682,92,2
683,79,2
683,59,3
683,44,-1
683,60,3
684,52,2
684,74,-2
684,57,3
685,52,2
685,74,-2
685,57,3
686,52,2
686,74,-2
686,57,3
687,52,2
687,74,-2
687,57,3
688,3,-3
688,27,2
688,52,2
689,3,-3
689,52,2
689,42,2
690,18,2
690,19,3
690,75,-2
691,18,2
691,19,3
691,75,-2
692,11,-2
692,26,2
692,75,2
692,62,1
693,11,-2
693,34,2
693,75,2
693,62,1
694,53,2
694,4,3
694,85,-2
695,53,2
695,4,3
695,85,-2
696,10,-1
696,54,2
696,29,2
696,56,2
697,10,-1
697,54,2
697,41,4
698,10,-1
698,54,2
698,29,2
698,56,2
699,10,-1
699,54,2
699,41,4
700,29,3
700,90,-2
700,17,2
701,43,2
701,80,1
701,90,-2
701,17,2
702,51,3
702,74,-2
702,15,2
703,51,3
703,74,-2
703,15,2
704,26,2
704,27,2
704,51,-2
704,55,-3
705,51,-2
705,33,2
705,55,-3
705,42,2
706,25,2
706,51,2
706,18,1
706,62,-2
707,51,2
707,18,1
707,61,2
707,62,-2
708,89,1
708,90,3
708,91,3
709,52,2
709,74,-1
709,57,2
710,79,-1
710,78,2
710,86,2
711,55,2
711,76,-1
711,60,2
712,79,-1
712,55,2
712,86,2
713,55,2
713,76,-1
713,60,2
714,79,-1
714,55,2
714,86,2
715,3,-1
715,67,3
715,69,2
715,84,1
716,3,-1
716,67,3
716,69,2
716,84,1
717,93,3
717,95,2
718,93,3
718,95,2
719,25,2
719,51,1
719,55,-2
719,59,2
720,51,1
720,55,-2
720,59,2
720,61,2
721,14,1
721,79,-1
721,71,3
721,84,2
722,14,1
722,79,-1
722,71,3
722,84,2
723,3,-2
723,51,2
723,18,3
724,3,-2
724,51,2
724,18,3
725,3,1
725,71,-1
725,80,3
726,3,1
726,71,-1
726,80,3
727,27,2
727,1,2
727,2,-1
728,34,2
728,1,2
728,2,-1
729,10,-2
729,54,3
729,27,2
730,10,-2
730,54,3
730,34,2
731,10,-2
731,54,3
731,27,2
732,10,-2
732,54,3
732,34,2
733,25,2
733,2,-2
733,55,-3
733,76,2
734,2,-2
734,55,-3
734,76,2
734,61,2
735,26,-2
735,25,2
735,27,2
735,55,-3
736,55,-3
736,76,-2
736,61,2
736,62,2
737,54,1
737,1,2
737,2,-2
737,66,2
738,54,1
738,1,2
738,2,-2
738,66,2
739,52,3
739,78,-2
739,89,2
739,1,2
740,34,3
740,78,-2
740,89,2
740,48,2
741,11,2
741,84,-3
741,68,4
742,84,-3
742,68,4
742,45,2
743,12,3
743,10,-2
743,54,2
743,84,2
744,12,3
744,10,-2
744,54,2
744,84,2
745,56,3
745,2,2
745,4,-2
746,56,3
746,2,2
746,4,-2
747,12,-2
747,13,2
747,77,5
748,12,-2
748,13,2
748,77,5
749,1,-2
749,2,3
749,55,2
749,60,2
750,1,-2
750,2,3
750,55,2
750,60,2
751,76,2
751,77,-2
751,82,5
752,76,2
752,77,-2
752,82,5
753,51,1
753,55,-2
753,66,2
753,59,4
754,51,1
754,55,-2
754,66,2
754,59,4
755,54,-3
755,52,2
755,18,2
756,54,-3
756,52,2
756,18,2
757,53,2
757,73,-3
757,17,2
758,53,2
758,73,-3
758,94,2
759,3,-4
759,27,2
759,31,1
760,3,-3
760,37,2
760,61,2
761,3,3
761,28,-2
761,84,2
762,3,3
762,84,2
762,44,-2
763,1,-2
763,57,4
763,58,1
764,1,-2
764,57,4
764,58,1
765,93,-2
765,75,1
765,63,2
766,93,-2
766,75,1
766,63,2
767,55,-2
767,18,2
767,90,1
767,83,2
768,55,-2
768,18,2
768,90,1
768,83,2
769,1,1
769,31,1
769,62,-3
770,33,1
770,1,1
770,62,-3
771,1,2
771,19,5
771,65,-2
772,1,2
772,19,5
772,65,-2
773,3,3
773,29,1
773,56,3
773,77,-2
774,3,3
774,56,3
774,43,1
774,77,-2
775,3,-2
775,51,2
775,19,2
775,84,1
776,3,-2
776,51,2
776,41,2
776,84,1
777,26,-2
777,51,4
777,90,1
778,35,4
778,90,1
778,62,-2
779,10,3
779,78,-2
779,76,2
780,10,3
780,78,-2
780,76,2
781,55,-2
781,18,2
781,86,3
782,55,-2
782,18,2
782,86,3
783,29,2
783,1,1
783,76,-2
783,63,2
784,41,-2
784,43,2
784,40,1
784,63,2
785,78,3
785,76,2
785,77,-2
786,78,3
786,76,2
786,77,-2
787,10,1
787,26,2
787,1,2
787,74,-2
788,10,1
788,33,2
788,74,-2
788,42,2
789,26,1
789,25,2
789,2,-4
790,41,2
790,34,2
790,2,-3
791,26,1
791,51,2
791,55,-2
791,18,2
792,51,2
792,41,1
792,55,-2
792,18,2
793,53,1
793,2,2
793,76,-2
794,53,1
794,2,2
794,76,-2
796,79,-5
796,68,6
797,81,10
798,83,10
799,79,-2
799,25,1
799,8,2
799,62,2
800,79,2
800,33,1
800,8,2
800,62,2
801,25,2
801,4,2
801,59,-2
801,96,1
802,33,2
802,4,2
802,59,-2
802,96,1
803,74,-2
803,67,2
803,57,3
804,74,-2
804,67,2
804,57,3
805,74,-2
805,67,2
805,57,3
806,74,-2
806,67,2
806,57,3
807,79,4
807,18,1
807,75,-2
807,23,2
808,79,4
808,18,1
808,75,-2
808,23,2
809,11,-3
809,26,2
809,22,2
810,11,-3
810,43,2
810,22,2
811,53,2
811,55,2
811,4,-3
811,76,2
812,53,2
812,55,2
812,4,-3
812,76,2
813,86,1
813,84,4
813,85,-2
813,24,2
814,86,1
814,84,4
814,85,-2
814,24,2
815,29,2
815,90,-2
815,17,4
815,63,1
816,43,2
816,90,-2
816,17,4
816,63,1
817,51,5
817,85,-2
817,24,2
818,51,5
818,85,-2
818,24,2
819,12,1
819,27,2
819,78,-2
819,90,2
820,78,-2
820,61,2
820,90,2
820,46,1
821,26,2
821,8,-3
821,58,2
821,21,2
822,34,2
822,8,-3
822,58,2
822,21,2
823,25,2
823,27,2
823,55,-3
824,41,2
824,55,-3
824,61,2
825,69,2
825,71,-2
825,81,1
826,69,2
826,71,-2
826,81,1
827,55,-2
827,18,2
827,93,3
828,55,-2
828,18,2
828,93,3
829,55,2
829,86,3
829,59,-2
830,55,2
830,86,3
830,59,-2
831,3,-2
831,51,2
831,18,1
831,77,2
832,3,-2
832,51,2
832,18,1
832,77,2
833,71,-2
833,80,2
833,82,1
834,71,-2
834,80,2
834,82,1
835,27,2
835,1,3
835,2,-2
836,34,2
836,1,3
836,2,-2
837,10,-2
837,54,4
837,31,1
838,10,-2
838,54,4
838,35,1
839,10,-2
839,54,4
839,31,1
840,10,-2
840,54,4
840,35,1
841,54,-3
841,25,1
841,57,1
841,64,2
842,54,-3
842,57,1
842,61,1
842,64,2
843,54,2
843,80,-3
843,32,2
844,54,2
844,80,-3
844,50,2
845,16,1
845,55,2
845,73,-2
845,74,4
846,87,2
846,70,2
846,67,3
846,95,2
847,12,-1
847,3,2
847,78,2
847,65,2
847,71,2
848,10,-1
848,3,3
848,66,3
848,68,2
849,10,-1
849,66,3
849,44,3
849,68,2
850,89,3
850,20,2
850,65,-1
850,66,1
850,92,2
851,89,3
851,20,2
851,65,-1
851,66,1
851,91,2
852,16,3
852,9,-2
852,5,2
852,66,2
853,16,3
853,38,2
853,9,-2
853,66,2
854,28,2
854,29,2
854,78,-1
854,1,2
854,66,2
855,41,2
855,33,2
855,78,-1
855,1,2
855,66,2
856,12,-1
856,10,3
856,28,1
856,66,2
856,93,2
857,12,-1
857,10,3
857,35,2
857,66,1
857,94,2
858,12,2
858,11,-1
858,70,4
858,85,2
859,12,2
859,11,-1
859,70,4
859,85,2
860,3,3
860,71,2
860,76,-2
860,60,2
861,3,3
861,39,1
861,76,-2
861,60,3
862,55,-2
862,18,2
862,8,2
862,67,3
863,55,-2
863,18,3
863,8,2
863,67,2
864,12,3
864,11,-1
864,3,3
864,28,2
865,12,3
865,54,-1
865,38,4
865,52,1
866,29,2
866,65,4
866,66,1
866,76,-2
867,10,-1
867,11,3
867,54,-2
867,52,2
867,15,1
868,10,-1
868,11,3
868,35,4
868,15,1
869,3,3
869,1,2
869,2,-1
869,9,2
869,6,-1
870,3,3
870,1,2
870,2,-1
870,9,2
870,6,-1
871,78,3
871,73,4
871,74,-2
872,78,3
872,73,4
872,74,-2
873,14,2
873,88,2
873,78,-2
873,89,3
874,14,2
874,33,2
874,78,-2
874,89,3
875,11,3
875,78,-1
875,7,2
875,76,1
876,11,3
876,78,-2
876,7,2
876,76,2
877,10,-1
877,54,4
877,86,2
877,92,2
878,10,-1
878,54,4
878,86,2
878,94,2
879,29,1
879,87,2
879,2,2
879,7,-2
880,56,2
880,87,2
880,2,2
880,7,-2
881,12,-2
881,73,2
881,74,2
881,76,3
882,12,-2
882,73,2
882,74,2
882,76,3
883,29,-2
883,6,2
883,72,2
883,57,3
884,6,1
884,72,1
884,57,3
884,44,-2
885,3,-1
885,54,-2
885,51,2
885,53,2
885,1,2
886,3,-1
886,54,-2
886,51,2
886,53,2
886,1,2
887,10,3
887,86,2
887,19,1
887,80,-1
888,10,3
888,86,2
888,19,1
888,80,-1
889,28,-2
889,86,3
889,84,2
890,86,5
890,84,2
890,93,-2
891,11,-2
891,78,2
891,72,1
891,85,2
892,11,-2
892,78,2
892,72,1
892,85,2
893,13,3
893,10,-1
893,2,2
893,71,1
893,75,2
894,13,3
894,10,-1
894,2,2
894,71,1
894,75,2
895,3,3
895,1,1
895,55,-1
895,59,2
896,3,3
896,1,2
896,55,-2
896,59,2
897,26,3
897,51,2
897,18,2
897,67,-2
898,26,3
898,37,3
898,18,2
898,67,-2
899,16,2
899,74,3
899,75,-2
899,17,2
900,16,2
900,74,3
900,75,-2
900,17,2
901,26,3
901,25,1
901,28,2
901,2,-3
902,34,2
902,37,1
902,2,-2
902,44,2
903,10,-1
903,11,2
903,3,3
903,66,3
904,10,-1
904,11,2
904,3,3
904,66,1
905,55,-1
905,18,1
905,66,3
905,90,2
906,55,-2
906,18,2
906,66,3
906,90,2
907,12,-2
907,54,1
907,1,4
907,66,2
908,12,-2
908,54,1
908,1,4
908,66,2
909,3,-2
909,51,3
909,19,2
909,80,-2
910,3,-2
910,51,3
910,19,2
910,80,-2
911,13,3
911,29,2
911,2,2
911,76,-2
912,13,3
912,40,4
912,76,-2
913,26,2
913,2,-1
913,19,3
913,80,-1
914,41,2
914,78,-1
914,19,3
914,80,-1
915,56,2
915,78,-2
915,2,3
916,56,2
916,78,-2
916,2,3
917,3,2
917,78,-3
917,89,2
917,90,2
918,9,-2
918,5,2
918,80,3
919,6,2
919,7,-2
919,80,3
920,5,-2
920,7,2
920,80,3
922,87,2
922,53,2
922,74,-2
922,57,1
923,79,2
923,78,4
923,73,-2
923,66,1
924,71,3
924,80,2
924,66,2
924,91,-2
925,35,2
925,80,-2
925,44,2
925,68,3
926,55,2
926,67,-2
926,80,2
926,60,3
927,55,2
927,86,3
927,67,-1
927,80,1
928,71,3
928,80,2
928,66,2
928,91,-2
929,35,2
929,80,-2
929,44,2
929,68,3
930,55,2
930,67,-2
930,80,2
930,60,3
931,55,2
931,86,3
931,67,-1
931,80,1
932,9,2
932,6,-2
932,80,3
933,11,2
933,25,2
933,34,2
933,4,-2
933,76,3
934,78,-1
934,67,3
934,69,2
934,84,2
934,76,1
935,78,-1
935,67,3
935,69,2
935,84,2
935,76,1
936,52,2
936,72,2
936,93,3
936,95,2
937,52,2
937,72,2
937,93,3
937,95,2
938,13,2
938,79,-2
938,82,3
938,83,2
939,79,-2
939,47,2
939,82,3
939,83,2
940,52,2
940,74,-1
940,67,4
940,57,2
941,52,2
941,74,-2
941,67,3
941,57,2
942,52,2
942,74,-1
942,67,4
942,57,2
943,52,2
943,74,-2
943,67,3
943,57,2
946,79,2
946,3,-5
946,27,2
947,3,-5
947,39,2
947,42,2
948,10,-2
948,54,2
948,29,2
948,75,3
949,10,-2
949,54,2
949,43,2
949,75,3
950,18,2
950,19,4
950,75,-3
951,18,2
951,19,4
951,75,-3
952,11,-3
952,75,4
952,62,2
953,11,-3
953,75,4
953,62,2
954,53,2
954,4,3
954,66,2
954,85,-2
955,53,2
955,4,3
955,66,2
955,85,-2
956,27,2
956,55,1
956,4,4
956,59,-2
957,55,1
957,4,4
957,59,-2
957,61,2
958,54,2
958,29,3
958,66,1
958,76,-1
959,54,2
959,41,3
959,36,3
959,78,-1
960,54,2
960,29,3
960,66,1
960,76,-1
961,54,2
961,41,3
961,36,3
961,78,-1
962,51,2
962,29,3
962,20,2
962,74,-2
963,51,3
963,56,2
963,20,2
963,74,-2
964,29,3
964,80,2
964,90,-2
964,17,2
965,41,-1
965,43,2
965,80,2
965,90,-2
965,17,2
966,51,3
966,74,-3
966,15,3
967,51,3
967,74,-3
967,15,3
968,79,-2
968,72,2
968,57,1
968,91,2
969,79,-2
969,72,2
969,57,1
969,91,2
970,25,1
970,51,1
970,55,-2
970,59,3
971,51,1
971,55,-1
971,59,4
971,61,1
972,14,1
972,79,-1
972,71,3
972,84,2
973,14,1
973,79,-1
973,71,3
973,84,2
974,51,1
974,1,3
974,55,-2
974,18,3
975,51,1
975,1,3
975,55,-1
975,18,2
976,55,2
976,73,-2
976,74,5
977,69,10
977,90,-1
978,12,-1
978,3,4
978,65,2
978,71,2
979,10,-2
979,54,2
979,1,2
979,66,3
980,10,-2
980,54,2
980,1,2
980,66,3
981,20,2
981,65,-2
981,90,2
981,92,3
982,20,2
982,65,-2
982,72,3
982,90,2
983,28,2
983,29,2
983,1,3
983,76,-2
984,41,2
984,40,2
984,78,-2
984,1,3
985,12,-2
985,10,3
985,28,2
986,12,-2
986,10,3
986,35,2
987,12,3
987,11,-2
987,85,2
988,12,3
988,11,-2
988,85,2
989,2,2
989,4,-2
989,60,3
990,2,2
990,4,-2
990,60,3
991,29,2
991,65,5
991,76,-2
992,11,-3
992,26,2
992,28,1
992,8,3
993,11,-2
993,34,2
993,8,3
994,12,3
994,11,-2
994,52,2
995,12,3
995,11,-2
995,52,2
996,10,-2
996,11,3
996,2,2
997,10,-2
997,11,3
997,33,2
998,1,3
998,2,-2
998,9,2
999,1,3
999,2,-2
999,9,2
1000,73,3
1000,74,-1
1000,66,3
1001,73,3
1001,74,-1
1001,66,3
1002,14,2
1002,79,-2
1002,53,2
1002,89,3
1003,14,2
1003,79,-2
1003,33,2
1003,89,3
1004,11,3
1004,78,-2
1004,76,2
1005,11,3
1005,78,-2
1005,76,2
1006,10,-2
1006,54,5
1006,86,2
1007,10,-2
1007,54,5
1007,86,2
1008,29,2
1008,87,2
1008,2,2
1008,76,-1
1009,41,2
1009,39,2
1009,2,2
1009,4,-1
1010,13,5
1010,78,-2
1010,76,2
1011,13,5
1011,78,-2
1011,76,2
1012,13,1
1012,11,2
1012,2,2
1012,8,-2
1013,13,1
1013,11,2
1013,2,2
1013,8,-2
1014,78,-2
1014,73,2
1014,74,2
1014,76,3
1015,78,-2
1015,73,2
1015,74,2
1015,76,3
1016,1,3
1016,55,-2
1016,59,2
1017,1,3
1017,55,-2
1017,59,2
1018,11,3
1018,18,2
1018,67,-2
1019,18,2
1019,67,-2
1019,45,3
1020,16,2
1020,1,2
1020,73,-1
1020,74,2
1021,16,2
1021,1,4
1021,73,-1
1021,74,2
1022,25,2
1022,28,1
1022,1,2
1022,2,-2
1023,34,2
1023,37,3
1023,2,-2
1024,10,-1
1024,11,2
1024,3,4
1025,10,-1
1025,11,2
1025,3,4
1026,1,-2
1026,58,3
1026,77,2
1027,1,-2
1027,58,1
1027,77,4
1028,55,-2
1028,18,3
1028,66,1
1028,90,1
1029,55,-2
1029,18,1
1029,66,1
1029,90,3
1030,10,-1
1030,54,2
1030,1,4
1031,10,-1
1031,54,2
1031,1,4
1032,3,-2
1032,51,3
1032,19,2
1033,3,-2
1033,51,3
1033,19,2
1034,29,2
1034,2,5
1034,76,-2
1035,43,2
1035,2,3
1035,76,-2
1036,79,-1
1036,67,2
1036,95,2
1037,70,2
1037,65,-1
1037,71,4
1038,13,-2
1038,88,2
1038,66,3
1039,13,-2
1039,39,2
1039,66,1
1040,29,-1
1040,20,2
1040,92,2
1040,15,2
1041,20,2
1041,44,-2
1041,15,3
1042,29,2
1042,2,3
1042,76,-2
1043,41,2
1043,2,3
1043,4,-2
1044,16,2
1044,9,-3
1044,57,2
1045,16,2
1045,9,-3
1045,57,2
1046,13,4
1046,52,2
1046,6,-1
1047,13,4
1047,52,2
1047,6,-1
1048,53,2
1048,55,2
1048,76,-3
1049,53,2
1049,55,2
1049,76,-3
1050,29,2
1050,66,3
1050,76,-2
1051,55,-2
1051,18,3
1051,67,2
1052,55,-3
1052,18,4
1052,67,2
1053,12,2
1053,5,-3
1053,80,2
1054,12,2
1054,5,-3
1054,80,2
1055,11,2
1055,7,-3
1055,84,2
1056,11,2
1056,7,-3
1056,84,2
1057,3,-2
1057,51,3
1057,53,2
1058,3,-2
1058,51,3
1058,53,2
1059,78,4
1059,73,2
1059,74,-1
1060,78,4
1060,73,2
1060,74,-1
1061,88,2
1061,78,-2
1061,59,3
1062,35,3
1062,88,2
1062,78,-2
1063,10,4
1063,19,2
1063,80,-1
1064,10,4
1064,19,2
1064,80,-1
1065,54,-1
1065,86,4
1065,84,2
1066,54,-1
1066,86,4
1066,84,2
1067,56,2
1067,2,3
1067,7,-2
1068,56,2
1068,2,3
1068,7,-2
1069,10,-2
1069,29,2
1069,75,3
1070,10,-2
1070,37,3
1070,75,2
1071,11,-2
1071,78,3
1071,85,2
1072,11,-2
1072,78,3
1072,85,2
1073,52,2
1073,18,2
1073,75,-3
1074,52,2
1074,18,2
1074,75,-3
1075,3,-1
1075,26,2
1075,51,2
1076,3,-1
1076,51,2
1076,41,2
1077,26,2
1077,2,-3
1077,19,3
1078,41,2
1078,19,3
1078,80,-2
1079,56,2
1079,78,-2
1079,2,3
1080,56,3
1080,78,-2
1080,2,1
1082,53,2
1082,74,-1
1082,57,2
1083,79,2
1083,78,4
1083,73,-1
1084,55,-2
1084,70,2
1084,71,3
1084,80,2
1085,35,2
1085,38,3
1085,55,-2
1085,70,2
1086,55,2
1086,80,-3
1086,68,4
1087,33,2
1087,80,-3
1087,68,4
1088,55,-2
1088,70,2
1088,71,3
1088,80,2
1089,35,2
1089,38,3
1089,55,-2
1089,70,2
1090,55,2
1090,80,-3
1090,68,4
1091,33,2
1091,80,-3
1091,68,4
1092,66,1
1092,76,2
1092,77,-2
1092,62,2
1093,66,4
1093,76,1
1093,77,-2
1093,62,2
1094,88,3
1094,55,-2
1094,80,2
1094,68,4
1095,55,-3
1095,80,4
1095,68,4
1096,79,-2
1096,25,2
1096,59,3
1096,92,2
1097,79,2
1097,59,3
1097,44,-1
1097,60,3
1098,52,2
1098,74,-2
1098,57,3
1099,52,2
1099,74,-2
1099,57,3
1100,52,2
1100,74,-2
1100,57,3
1101,52,2
1101,74,-2
1101,57,3
1102,3,-3
1102,27,2
1102,52,2
1103,3,-3
1103,52,2
1103,42,2
1104,18,2
1104,19,5
1104,75,-2
1105,18,2
1105,19,5
1105,75,-2
1106,11,-3
1106,75,4
1106,62,2
1107,11,-3
1107,75,4
1107,62,2
1108,53,2
1108,4,5
1108,85,-2
1109,53,2
1109,4,5
1109,85,-2
1110,10,-1
1110,54,2
1110,29,2
1110,56,2
1111,10,-1
1111,54,2
1111,41,4
1112,10,-1
1112,54,2
1112,29,2
1112,56,2
1113,10,-1
1113,54,2
1113,41,4
1114,29,5
1114,90,-2
1114,17,2
1115,43,2
1115,80,1
1115,90,-2
1115,17,2
1116,51,3
1116,74,-2
1116,15,2
1117,51,5
1117,74,-2
1117,15,2
1118,26,1
1118,27,3
1118,51,-2
1118,55,-3
1119,51,-2
1119,33,3
1119,55,-3
1119,42,1
1120,25,2
1120,51,4
1120,18,1
1120,62,-2
1121,51,4
1121,18,1
1121,61,2
1121,62,-2
1122,52,2
1122,74,-1
1122,57,2
1123,79,-2
1123,78,2
1123,86,3
1124,55,2
1124,76,-1
1124,60,4
1125,79,-1
1125,55,2
1125,86,4
1126,55,2
1126,76,-1
1126,60,4
1127,79,-1
1127,55,2
1127,86,4
1128,3,-1
1128,67,3
1128,69,2
1128,84,1
1129,3,-1
1129,67,3
1129,69,2
1129,84,1
1130,93,5
1130,95,2
1131,93,5
1131,95,2
1132,25,2
1132,51,1
1132,55,-2
1132,59,4
1133,51,1
1133,55,-2
1133,59,4
1133,61,2
1134,14,1
1134,79,-1
1134,71,3
1134,84,2
1135,14,1
1135,79,-1
1135,71,3
1135,84,2
1136,3,-2
1136,51,2
1136,18,3
1137,3,-2
1137,51,2
1137,18,3
1138,3,3
1138,71,-1
1138,80,3
1139,3,3
1139,71,-1
1139,80,3
1140,27,2
1140,1,3
1140,2,-2
1141,34,2
1141,53,1
1141,1,2
1141,2,-2
1142,10,-2
1142,54,3
1142,27,2
1143,10,-2
1143,54,3
1143,34,2
1144,10,-2
1144,54,3
1144,27,2
1145,10,-2
1145,54,3
1145,34,2
1146,25,2
1146,2,-2
1146,55,-3
1146,76,2
1147,2,-2
1147,55,-3
1147,76,2
1147,61,2
1148,26,-2
1148,25,2
1148,27,2
1148,55,-3
1149,55,-3
1149,76,-2
1149,61,2
1149,62,2
1150,54,1
1150,1,2
1150,2,-2
1150,66,4
1151,54,1
1151,1,2
1151,2,-2
1151,66,4
1152,14,4
1152,52,3
1152,78,-2
1153,34,4
1153,78,-2
1153,89,3
1154,11,2
1154,84,-3
1154,68,4
1155,84,-3
1155,68,4
1155,45,2
1156,12,3
1156,10,-2
1156,54,4
1157,12,3
1157,10,-2
1157,84,4
1158,56,3
1158,88,2
1158,2,2
1158,4,-2
1159,56,3
1159,39,2
1159,2,2
1159,4,-2
1160,12,-2
1160,13,4
1160,77,3
1161,12,-2
1161,13,1
1161,47,3
1161,77,3
1162,1,-2
1162,2,3
1162,55,2
1163,1,-2
1163,2,2
1163,55,2
1163,60,3
1164,76,1
1164,77,-1
1164,82,2
1164,83,5
1165,76,3
1165,77,3
1165,82,3
1166,51,4
1166,55,-2
1166,66,2
1166,59,1
1167,51,4
1167,55,-2
1167,66,2
1167,59,1
1168,54,-2
1168,28,1
1168,52,4
1168,18,2
1169,54,-2
1169,52,4
1169,18,2
1169,49,1
1170,16,5
1170,53,2
1170,73,-2
1171,16,5
1171,53,2
1171,73,-2
1172,3,-4
1172,27,1
1172,31,4
1173,3,-3
1173,37,5
1173,61,1
1174,3,4
1174,28,-2
1174,84,3
1175,3,6
1175,84,1
1175,44,-2
1176,1,-2
1176,57,2
1176,58,3
1176,81,2
1177,1,-2
1177,57,5
1177,58,2
1178,93,-2
1178,75,5
1178,63,1
1178,62,3
1179,93,-2
1179,75,5
1179,63,1
1179,62,3
1180,55,-2
1180,18,1
1180,90,3
1180,83,3
1181,55,-2
1181,18,1
1181,90,3
1181,83,3
1182,1,5
1182,31,2
1182,62,-2
1183,33,2
1183,1,5
1183,62,-2
1184,1,6
1184,19,1
1184,65,-2
1185,1,3
1185,19,4
1185,65,-2
1186,3,3
1186,29,3
1186,56,1
1186,77,-2
1187,3,3
1187,56,1
1187,43,3
1187,77,-2
1188,3,-2
1188,51,3
1188,19,1
1188,84,3
1189,3,-2
1189,51,3
1189,41,1
1189,84,3
1190,26,-2
1190,51,4
1190,90,3
1191,35,2
1191,90,2
1191,62,-3
1192,10,4
1192,78,-2
1192,76,3
1193,10,4
1193,78,-2
1193,76,3
1194,55,-2
1194,18,3
1194,86,4
1195,55,-2
1195,18,2
1195,86,5
1196,29,1
1196,76,-3
1196,63,3
1197,41,-3
1197,43,1
1197,63,3
1198,78,2
1198,66,5
1198,76,1
1198,77,-1
1199,78,3
1199,76,3
1199,77,3
1200,10,3
1200,26,1
1200,1,3
1200,74,-2
1201,10,3
1201,33,1
1201,74,-2
1201,42,3
1202,26,1
1202,25,1
1202,2,-5
1203,41,2
1203,34,1
1203,2,-4
1204,26,2
1204,51,3
1204,55,-2
1204,18,2
1205,51,3
1205,41,2
1205,55,-2
1205,18,2
1206,53,2
1206,2,5
1206,76,-2
1207,53,3
1207,2,3
1207,76,3
1209,79,-3
1209,25,3
1209,8,3
1210,79,3
1210,33,3
1210,8,3
1213,74,-2
1213,67,2
1213,57,3
1214,74,-2
1214,67,2
1214,57,3
1215,74,-2
1215,67,2
1215,57,3
1216,74,-2
1216,67,2
1216,57,3
1217,79,3
1217,18,1
1217,75,-2
1217,23,3
1218,79,1
1218,18,5
1218,75,-2
1218,23,1
1219,11,-2
1219,26,3
1219,57,2
1219,22,2
1220,11,-2
1220,41,2
1220,43,3
1220,22,2
1221,53,4
1221,55,2
1221,4,-2
1221,76,1
1222,53,4
1222,55,2
1222,4,-2
1222,76,1
1223,86,2
1223,84,3
1223,85,-2
1223,24,2
1224,86,2
1224,84,3
1224,85,-2
1224,24,2
1225,29,3
1225,90,-2
1225,63,4
1226,43,3
1226,90,-2
1226,63,4
1227,51,5
1227,85,-2
1227,24,2
1228,51,5
1228,85,-2
1228,24,2
1229,12,3
1229,27,1
1229,78,-2
1229,90,3
1230,78,-2
1230,61,1
1230,90,3
1230,46,3
1231,26,1
1231,8,-3
1231,58,3
1231,21,2
1232,34,1
1232,8,-3
1232,58,3
1232,21,2
1233,25,1
1233,27,3
1233,55,-2
1233,17,3
1234,41,6
1234,55,-2
1234,61,1
1235,69,2
1235,71,-2
1235,58,2
1235,81,3
1236,69,2
1236,71,-2
1236,58,2
1236,81,3
1237,93,2
1237,85,5
1238,93,2
1238,85,5
1239,55,2
1239,86,5
1239,59,-2
1240,55,2
1240,86,5
1240,59,-2
1241,3,-2
1241,51,2
1241,18,3
1242,3,-3
1242,51,1
1242,18,1
1242,77,4
1243,71,-2
1243,80,4
1243,82,3
1244,71,-2
1244,80,4
1244,82,3
1245,27,3
1245,1,4
1245,2,-2
1246,34,3
1246,1,4
1246,2,-2
1247,10,-2
1247,54,6
1247,31,1
1248,10,-2
1248,54,6
1248,35,1
1249,10,-2
1249,54,6
1249,31,1
1250,10,-2
1250,54,6
1250,35,1
1251,54,-3
1251,25,2
1251,57,2
1251,64,2
1252,54,-3
1252,57,2
1252,61,2
1252,64,2
1253,80,-3
1253,77,4
1253,32,2
1254,80,-3
1254,77,2
1254,50,2
1255,55,2
1255,73,-2
1255,74,4
1255,65,1
1256,70,5
1256,67,4
1257,87,2
1257,70,1
1257,67,3
1257,93,3
1257,90,-2
1258,78,4
1258,80,2
1258,76,3
1259,12,-1
1259,3,3
1259,70,2
1259,65,1
1259,71,2
1260,10,-1
1260,66,3
1260,68,2
1260,91,3
1261,10,-1
1261,33,3
1261,66,3
1261,68,2
1262,20,3
1262,65,-1
1262,66,1
1262,95,2
1262,92,2
1263,20,3
1263,65,-1
1263,66,1
1263,95,2
1263,91,2
1266,3,2
1266,28,3
1266,78,-2
1266,1,2
1267,41,3
1267,78,-2
1267,1,2
1267,44,2
1268,69,10
1269,12,-2
1269,10,3
1269,28,2
1269,93,2
1270,12,-2
1270,10,3
1270,38,2
1270,94,2
1271,12,3
1271,11,-2
1271,93,2
1271,85,2
1272,12,3
1272,11,-2
1272,93,2
1272,85,2
1273,3,3
1273,71,1
1273,76,-2
1273,60,3
1274,3,3
1274,39,1
1274,76,-2
1274,60,3
1275,55,-2
1275,18,3
1275,8,2
1275,67,2
1276,55,-2
1276,18,3
1276,8,2
1276,67,2
1277,12,3
1277,54,-3
1277,52,3
1278,12,3
1278,11,-1
1278,54,-1
1278,35,3
1278,52,1
1280,29,2
1280,65,4
1280,66,1
1280,76,-2
1281,10,-1
1281,11,3
1281,3,4
1281,15,1
1282,10,-1
1282,11,3
1282,38,4
1282,15,1
1283,3,3
1283,1,2
1283,2,-1
1283,9,2
1283,6,-1
1284,3,3
1284,1,2
1284,2,-1
1284,9,2
1284,6,-1
1285,78,3
1285,73,4
1285,74,-2
1286,78,3
1286,73,4
1286,74,-2
1287,14,2
1287,88,2
1287,78,-2
1287,89,3
1288,14,2
1288,33,2
1288,78,-2
1288,89,3
1289,11,3
1289,78,-2
1289,7,2
1289,76,2
1290,11,3
1290,78,-2
1290,7,2
1290,76,2
1291,10,-1
1291,54,3
1291,86,2
1291,92,1
1292,10,-2
1292,54,4
1292,86,2
1292,44,1
1293,29,1
1293,87,2
1293,2,3
1293,7,-3
1294,56,1
1294,87,2
1294,2,3
1294,7,-3
1295,29,-2
1295,6,1
1295,72,3
1295,57,3
1296,6,1
1296,72,3
1296,57,3
1296,44,-2
1297,3,-1
1297,54,-2
1297,51,2
1297,53,2
1297,1,2
1298,3,-1
1298,54,-2
1298,51,2
1298,53,2
1298,1,2
1299,10,3
1299,86,2
1299,19,1
1299,80,-1
1300,10,3
1300,86,2
1300,19,2
1300,80,-2
1301,28,-2
1301,86,3
1301,84,2
1302,86,3
1302,84,2
1302,93,-2
1303,13,3
1303,10,-1
1303,2,1
1303,71,2
1303,75,2
1304,13,3
1304,10,-1
1304,2,1
1304,71,2
1304,75,2
1305,3,3
1305,1,2
1305,55,-2
1305,59,2
1306,3,3
1306,1,2
1306,55,-2
1306,59,2
1307,26,2
1307,51,2
1307,18,1
1307,67,-2
1308,51,2
1308,37,2
1308,18,1
1308,67,-2
1309,16,2
1309,74,3
1309,75,-2
1309,17,2
1310,16,2
1310,74,3
1310,75,-2
1310,17,2
1311,26,2
1311,25,1
1311,28,2
1311,2,-2
1312,34,3
1312,37,1
1312,2,-3
1312,44,2
1313,10,-1
1313,11,2
1313,3,3
1313,66,1
1314,10,-1
1314,11,2
1314,3,3
1314,66,3
1315,55,-2
1315,18,2
1315,66,3
1315,90,2
1316,55,-2
1316,18,2
1316,66,3
1316,90,2
1317,12,-2
1317,54,1
1317,1,4
1317,66,2
1318,12,-2
1318,54,1
1318,1,4
1318,66,2
1319,3,-2
1319,51,2
1319,19,2
1319,80,-1
1320,3,-2
1320,51,4
1320,19,2
1320,80,-1
1321,13,4
1321,29,2
1321,2,1
1321,76,-2
1322,13,3
1322,40,4
1322,76,-2
1323,26,2
1323,2,-1
1323,19,3
1323,80,-1
1324,41,2
1324,78,-1
1324,19,3
1324,80,-3
1325,56,2
1325,78,-2
1325,2,3
1326,56,2
1326,78,-2
1326,2,3
1327,3,2
1327,78,-3
1327,89,2
1327,90,2
1328,89,4
1328,90,2
1328,91,5
1329,25,2
1329,89,3
1329,65,-2
1329,61,2
1330,87,2
1330,53,2
1330,74,-2
1330,57,3
1331,79,2
1331,78,4
1331,73,-2
1331,66,1
1332,71,3
1332,80,2
1332,66,2
1332,91,-2
1333,35,2
1333,80,-2
1333,44,2
1333,68,3
1334,55,2
1334,67,-2
1334,80,2
1334,60,3
1335,55,2
1335,86,3
1335,67,-1
1335,80,1
1336,71,3
1336,80,2
1336,66,2
1336,91,-2
1337,35,2
1337,80,-2
1337,44,2
1337,68,3
1338,55,2
1338,67,-2
1338,80,2
1338,60,3
1339,55,2
1339,86,3
1339,67,-1
1339,80,1
1341,78,-1
1341,67,3
1341,69,2
1341,84,2
1341,76,1
1342,78,-1
1342,67,3
1342,69,2
1342,84,2
1342,76,1
1343,52,2
1343,72,2
1343,93,3
1343,95,2
1344,52,2
1344,72,2
1344,93,3
1344,95,2
1345,13,2
1345,79,-2
1345,82,4
1345,83,1
1346,79,-2
1346,47,2
1346,82,4
1346,83,1
1347,52,2
1347,74,-1
1347,67,2
1347,57,2
1348,52,2
1348,74,-1
1348,67,3
1348,57,3
1349,52,2
1349,74,-1
1349,67,2
1349,57,2
1350,52,2
1350,74,-1
1350,67,3
1350,57,3
1353,79,2
1353,3,-5
1353,27,2
1354,3,-5
1354,39,2
1354,42,2
1355,10,-2
1355,54,2
1355,29,2
1355,75,3
1356,10,-2
1356,29,2
1356,43,2
1356,75,3
1357,18,2
1357,19,4
1357,75,-3
1358,18,2
1358,19,4
1358,75,-3
1359,11,-2
1359,9,3
1359,75,2
1359,62,2
1360,11,-2
1360,9,3
1360,75,2
1360,62,2
1361,53,2
1361,4,3
1361,66,2
1361,85,-2
1362,53,2
1362,4,3
1362,66,2
1362,85,-2
1363,27,2
1363,55,1
1363,4,4
1363,59,-2
1364,55,1
1364,4,4
1364,59,-2
1364,61,2
1365,54,2
1365,29,3
1365,66,3
1365,76,-1
1366,54,2
1366,41,3
1366,36,1
1366,78,-1
1367,54,2
1367,29,3
1367,66,3
1367,76,-1
1368,54,2
1368,41,3
1368,36,1
1368,78,-1
1369,54,4
1369,66,5
1370,54,4
1370,36,5
1371,51,2
1371,29,3
1371,20,2
1371,74,-2
1372,51,2
1372,56,1
1372,20,2
1372,74,-2
1373,29,3
1373,80,2
1373,90,-2
1373,17,2
1374,41,-1
1374,43,2
1374,80,2
1374,90,-2
1374,17,2
1375,51,3
1375,74,-3
1375,15,3
1376,51,3
1376,74,-3
1376,15,3
1377,79,-2
1377,72,2
1377,57,1
1377,91,2
1378,79,-2
1378,72,2
1378,57,1
1378,91,2
1379,25,2
1379,51,1
1379,55,-3
1379,59,3
1380,51,1
1380,55,-4
1380,59,2
1380,61,2
1381,14,1
1381,79,-1
1381,71,3
1381,84,2
1382,14,2
1382,79,-2
1382,71,3
1382,84,2
1383,51,1
1383,1,3
1383,55,-1
1383,18,2
1384,51,1
1384,1,3
1384,55,-2
1384,18,3
1385,55,2
1385,73,-2
1385,74,5
1386,93,10
1386,90,-1
1387,12,-1
1387,3,4
1387,65,2
1387,71,2
1388,10,-2
1388,54,2
1388,1,2
1388,66,1
1389,10,-2
1389,54,2
1389,1,2
1389,66,3
1390,20,2
1390,65,-2
1390,90,2
1390,92,3
1391,20,2
1391,65,-2
1391,72,3
1391,90,2
1392,28,2
1392,29,2
1392,1,1
1392,76,-2
1393,41,2
1393,40,2
1393,78,-2
1393,1,3
1396,12,3
1396,11,-2
1396,85,2
1397,12,3
1397,11,-2
1397,85,2
1398,2,2
1398,4,-2
1398,60,3
1399,2,2
1399,4,-2
1399,60,3
1400,29,2
1400,65,5
1400,76,-2
1401,11,-2
1401,26,2
1401,8,3
1402,11,-2
1402,34,2
1402,8,3
1403,12,3
1403,11,-2
1403,52,2
1404,12,3
1404,11,-2
1404,52,2
1405,10,-2
1405,11,3
1405,2,2
1406,10,-2
1406,11,3
1406,33,2
1407,1,3
1407,2,-2
1407,9,2
1408,1,3
1408,2,-2
1408,9,2
1409,73,3
1409,74,-1
1409,66,3
1410,73,3
1410,74,-1
1410,66,3
1411,14,2
1411,79,-3
1411,53,2
1411,89,2
1412,14,2
1412,79,-3
1412,33,2
1412,89,2
1413,11,3
1413,78,-2
1413,76,2
1414,11,3
1414,78,-2
1414,76,2
1415,10,-2
1415,54,3
1415,86,2
1416,10,-2
1416,54,5
1416,86,2
1417,29,2
1417,87,2
1417,2,2
1417,76,-1
1418,41,2
1418,39,2
1418,2,2
1418,4,-1
1419,13,1
1419,78,-3
1419,76,3
1420,13,5
1420,78,-2
1420,76,2
1421,13,1
1421,11,2
1421,2,2
1421,8,-2
1422,13,1
1422,11,2
1422,2,2
1422,8,-2
1423,78,-2
1423,73,2
1423,74,2
1423,76,3
1424,78,-2
1424,73,2
1424,74,2
1424,76,3
1425,1,3
1425,55,-2
1425,59,2
1426,1,6
1426,55,-1
1426,59,2
1427,11,2
1427,51,3
1427,18,2
1427,67,-2
1428,51,3
1428,18,2
1428,67,-2
1428,45,2
1429,16,2
1429,1,2
1429,73,-1
1429,74,2
1430,16,2
1430,1,2
1430,73,-1
1430,74,2
1431,25,2
1431,28,1
1431,1,2
1431,2,-2
1432,34,2
1432,37,3
1432,2,-2
1433,10,-1
1433,11,2
1433,3,4
1434,10,-1
1434,11,2
1434,3,4
1435,1,-2
1435,58,1
1435,77,4
1436,1,-2
1436,58,3
1436,77,2
1437,55,-2
1437,18,2
1437,66,3
1437,90,2
1438,55,-2
1438,18,2
1438,66,3
1438,90,2
1439,10,-1
1439,54,2
1439,1,4
1440,10,-2
1440,54,3
1440,1,4
1441,3,-2
1441,51,3
1441,19,2
1442,3,-2
1442,51,3
1442,19,2
1443,29,2
1443,2,3
1443,76,-2
1444,43,2
1444,2,5
1444,76,-2
1445,79,-1
1445,67,2
1445,95,2
1446,70,2
1446,65,-1
1446,71,4
1447,13,-2
1447,88,2
1447,66,1
1448,13,-2
1448,39,2
1448,66,3
1449,29,-1
1449,20,2
1449,92,2
1449,15,2
1450,20,2
1450,44,-2
1450,15,3
1451,29,2
1451,2,1
1451,76,-2
1452,41,2
1452,2,3
1452,4,-2
1453,16,1
1453,9,-2
1453,57,2
1454,16,3
1454,9,-2
1454,57,2
1455,13,3
1455,52,2
1455,6,-2
1456,13,3
1456,52,2
1456,6,-2
1457,53,1
1457,55,2
1457,76,-2
1458,53,3
1458,55,2
1458,76,-2
1459,29,2
1459,66,3
1459,76,-2
1460,55,-3
1460,18,4
1460,67,2
1461,55,-3
1461,18,4
1461,67,2
1462,12,1
1462,5,-2
1462,80,2
1463,12,3
1463,5,-2
1463,80,2
1464,11,1
1464,7,-2
1464,84,2
1465,11,3
1465,7,-2
1465,84,2
1466,3,-2
1466,51,3
1466,53,2
1467,3,-2
1467,51,3
1467,53,2
1468,78,2
1468,73,2
1468,74,-1
1469,78,4
1469,73,2
1469,74,-1
1470,88,2
1470,78,-3
1470,59,2
1471,35,2
1471,88,2
1471,78,-3
1472,10,1
1472,19,2
1472,80,-2
1473,10,4
1473,19,2
1473,80,-1
1474,54,-1
1474,86,4
1474,84,2
1475,54,-1
1475,86,4
1475,84,2
1476,56,2
1476,2,2
1476,7,-3
1477,56,2
1477,2,2
1477,7,-3
1478,10,-2
1478,29,2
1478,75,3
1479,10,-2
1479,37,3
1479,75,2
1480,52,3
1480,18,2
1480,75,-2
1481,52,3
1481,18,2
1481,75,-2
1482,3,-3
1482,26,2
1482,51,2
1483,3,-3
1483,51,2
1483,41,2
1484,26,2
1484,2,-2
1484,19,3
1485,41,2
1485,19,3
1485,80,-2
1486,56,2
1486,78,-2
1486,2,3
1487,56,2
1487,78,-2
1487,2,3
1488,25,2
1488,65,-2
1488,61,2
1488,90,1
1489,53,2
1489,74,-2
1489,57,3
1490,79,2
1490,78,4
1490,73,-1
1491,55,-2
1491,70,2
1491,71,3
1491,80,2
1492,35,2
1492,38,3
1492,55,-2
1492,70,2
1493,55,2
1493,80,-3
1493,68,4
1494,33,2
1494,80,-3
1494,68,4
1495,55,-2
1495,70,2
1495,71,3
1495,80,2
1496,35,2
1496,38,3
1496,55,-2
1496,70,2
1497,55,2
1497,80,-3
1497,68,4
1498,33,2
1498,80,-3
1498,68,4
1499,66,4
1499,76,1
1499,77,-2
1499,62,2
1500,66,1
1500,76,2
1500,77,-2
1500,62,2
1501,88,3
1501,55,-2
1501,80,2
1501,68,4
1502,88,3
1502,55,-2
1502,80,2
1502,68,4
1503,79,-2
1503,25,2
1503,59,3
1503,92,2
1504,79,2
1504,59,3
1504,44,-1
1504,60,3
1505,52,2
1505,74,-2
1505,57,3
1506,52,2
1506,74,-3
1506,57,4
1507,52,2
1507,74,-2
1507,57,3
1508,52,2
1508,74,-3
1508,57,4
1509,3,-3
1509,27,2
1509,52,2
1510,3,-3
1510,52,2
1510,42,2
1511,18,2
1511,19,3
1511,75,-2
1512,18,2
1512,19,5
1512,75,-2
1513,11,-3
1513,75,4
1513,62,2
1514,11,-3
1514,75,4
1514,62,2
1515,53,2
1515,4,3
1515,85,-2
1516,53,2
1516,4,3
1516,85,-2
1517,10,-1
1517,54,2
1517,29,2
1517,56,2
1518,10,-1
1518,54,2
1518,41,4
1519,10,-1
1519,54,2
1519,29,2
1519,56,2
1520,10,-1
1520,54,2
1520,41,4
1521,29,5
1521,90,-2
1521,17,2
1522,43,4
1522,80,1
1522,90,-2
1522,17,2
1523,51,5
1523,74,-2
1523,15,2
1524,51,5
1524,74,-2
1524,15,2
1525,26,3
1525,27,1
1525,51,-2
1525,55,-3
1526,51,-2
1526,33,1
1526,55,-3
1526,42,3
1527,25,2
1527,51,2
1527,18,1
1527,62,-2
1528,51,2
1528,18,1
1528,61,2
1528,62,-2
1529,90,2
1529,91,5
1530,52,2
1530,74,-2
1530,57,3
1531,79,-2
1531,78,2
1531,86,3
1532,55,2
1532,76,-1
1532,60,4
1533,79,-1
1533,55,2
1533,86,4
1534,55,2
1534,76,-1
1534,60,4
1535,79,-1
1535,55,2
1535,86,4
1536,3,-1
1536,67,3
1536,69,2
1536,84,1
1537,3,-1
1537,67,3
1537,69,2
1537,84,1
1538,72,1
1538,93,4
1538,95,2
1539,72,1
1539,93,4
1539,95,2
1540,25,2
1540,51,1
1540,55,-2
1540,59,2
1541,51,1
1541,55,-2
1541,59,2
1541,61,2
1542,14,1
1542,79,-1
1542,71,3
1542,84,2
1543,14,1
1543,79,-1
1543,71,3
1543,84,2
1544,3,-2
1544,51,2
1544,18,3
1545,3,-2
1545,51,2
1545,18,3
1546,3,3
1546,71,-1
1546,80,3
1547,3,3
1547,71,-1
1547,80,3
1548,27,2
1548,1,3
1548,2,-2
1549,34,2
1549,53,1
1549,1,2
1549,2,-2
1550,10,-2
1550,54,3
1550,27,2
1551,10,-2
1551,54,3
1551,34,2
1552,10,-2
1552,54,3
1552,27,2
1553,10,-2
1553,54,3
1553,34,2
1554,25,2
1554,2,-2
1554,55,-3
1554,76,2
1555,2,-2
1555,55,-3
1555,76,2
1555,61,2
1556,26,-2
1556,25,2
1556,27,2
1556,55,-3
1557,55,-3
1557,76,-2
1557,61,2
1557,62,2
1558,54,1
1558,1,2
1558,2,-2
1558,66,4
1559,54,1
1559,1,2
1559,2,-2
1559,66,4
1560,14,3
1560,78,-2
1560,1,4
1561,14,3
1561,78,-2
1561,1,4
1562,11,2
1562,84,-3
1562,68,4
1563,84,-3
1563,68,4
1563,45,2
1564,12,3
1564,10,-2
1564,84,4
1565,12,3
1565,10,-2
1565,84,4
1566,56,3
1566,88,2
1566,2,2
1566,4,-2
1567,56,3
1567,39,2
1567,2,2
1567,4,-2
1568,12,-2
1568,13,4
1568,77,1
1569,12,-2
1569,13,1
1569,77,6
1570,1,-2
1570,2,3
1570,55,1
1570,60,3
1571,1,-2
1571,2,3
1571,55,1
1571,60,3
1572,76,1
1572,77,-1
1572,82,2
1572,83,5
1573,76,1
1573,77,-1
1573,82,2
1573,83,5
1574,51,1
1574,55,-2
1574,66,2
1574,59,4
1575,51,1
1575,55,-2
1575,66,2
1575,59,4
1576,54,-2
1576,28,1
1576,52,4
1576,18,2
1577,54,-2
1577,52,4
1577,18,2
1577,49,1
1578,53,3
1578,73,-2
1578,17,4
1579,53,3
1579,73,-2
1579,94,4
1580,3,-4
1580,27,4
1580,31,1
1581,3,-3
1581,37,2
1581,61,4
1582,3,5
1582,28,-2
1582,84,2
1583,3,5
1583,84,2
1583,44,-2
1584,1,-2
1584,57,5
1584,58,2
1585,1,-2
1585,57,2
1585,58,3
1585,81,2
1586,93,-2
1586,75,2
1586,63,3
1586,62,2
1587,93,-2
1587,75,2
1587,63,3
1587,62,2
1588,55,-2
1588,18,3
1588,90,1
1588,83,3
1589,55,-2
1589,18,3
1589,90,1
1589,83,3
1590,1,5
1590,31,2
1590,62,-2
1591,33,2
1591,1,5
1591,62,-2
1592,1,3
1592,19,4
1592,65,-2
1593,1,3
1593,19,4
1593,65,-2
1594,3,3
1594,29,2
1594,56,2
1594,77,-2
1595,3,3
1595,56,2
1595,43,2
1595,77,-2
1596,3,-2
1596,51,3
1596,19,1
1596,84,3
1597,3,-2
1597,51,3
1597,41,1
1597,84,3
1598,26,-2
1598,56,2
1598,90,2
1598,17,3
1599,56,2
1599,38,3
1599,90,2
1599,62,-2
1600,10,2
1600,78,-3
1600,76,2
1601,10,4
1601,78,-3
1601,76,3
1602,55,-2
1602,18,3
1602,86,2
1603,55,-3
1603,18,5
1603,86,1
1604,29,1
1604,76,-3
1604,63,3
1605,41,-3
1605,43,1
1605,63,3
1606,78,2
1606,66,5
1606,76,1
1606,77,-1
1607,78,2
1607,66,5
1607,76,1
1607,77,-1
1608,10,3
1608,26,3
1608,1,1
1608,74,-2
1609,10,3
1609,33,3
1609,74,-2
1609,42,1
1610,26,3
1610,25,2
1610,2,-4
1611,41,4
1611,34,2
1611,2,-3
1612,26,3
1612,51,2
1612,55,-2
1612,18,2
1613,51,2
1613,41,3
1613,55,-2
1613,18,2
1614,53,2
1614,2,5
1614,76,-2
1615,53,2
1615,2,5
1615,76,-2
1617,79,-2
1617,25,1
1617,8,2
1617,62,4
1618,79,2
1618,33,1
1618,8,2
1618,62,4
1619,25,3
1619,4,1
1619,59,-2
1619,96,3
1620,33,3
1620,4,1
1620,59,-2
1620,96,3
1621,74,-2
1621,67,2
1621,57,3
1622,74,-2
1622,67,2
1622,57,3
1623,74,-2
1623,67,2
1623,57,3
1624,74,-2
1624,67,2
1624,57,3
1625,79,1
1625,18,4
1625,75,-2
1625,23,2
1626,79,1
1626,18,4
1626,75,-2
1626,23,2
1627,11,-2
1627,26,1
1627,57,4
1627,22,2
1628,11,-2
1628,41,4
1628,43,1
1628,22,2
1629,53,1
1629,55,2
1629,4,-2
1629,76,4
1630,53,4
1630,55,2
1630,4,-2
1630,76,1
1631,86,1
1631,84,3
1631,85,-2
1631,24,3
1632,86,3
1632,84,3
1632,85,-2
1632,24,1
1633,29,2
1633,90,-2
1633,17,3
1634,43,2
1634,90,-2
1634,17,3
1635,51,4
1635,85,-2
1635,24,3
1636,51,6
1636,85,-2
1636,24,1
1637,12,3
1637,27,3
1637,78,-2
1637,90,1
1638,78,-2
1638,61,3
1638,90,1
1638,46,3
1639,26,3
1639,8,-3
1639,58,1
1639,21,2
1640,34,3
1640,8,-3
1640,58,1
1640,21,2
1641,25,3
1641,27,1
1641,55,-3
1641,17,2
1642,41,3
1642,55,-3
1642,61,3
1643,69,1
1643,71,-3
1643,58,4
1643,81,1
1644,69,3
1644,71,-2
1644,81,2
1645,55,-3
1645,18,3
1645,93,3
1646,55,-2
1646,18,2
1646,93,5
1647,55,3
1647,86,2
1647,59,-2
1648,55,2
1648,86,5
1648,59,-2
1649,3,-2
1649,51,2
1649,18,1
1649,77,4
1650,3,-2
1650,51,2
1650,18,1
1650,77,4
1651,71,-2
1651,80,3
1651,82,2
1652,71,-2
1652,80,3
1652,82,2
1653,27,1
1653,1,3
1653,2,-3
1654,34,1
1654,1,3
1654,2,-3
1655,10,-2
1655,54,4
1655,31,3
1656,10,-2
1656,54,4
1656,35,3
1657,10,-2
1657,54,4
1657,31,3
1658,10,-2
1658,54,4
1658,35,3
1659,54,-3
1659,25,3
1659,57,1
1659,64,2
1660,54,-3
1660,57,1
1660,61,3
1660,64,2
1661,54,4
1661,80,-3
1661,32,2
1662,54,4
1662,80,-3
1662,50,2
1663,55,2
1663,5,1
1663,73,-2
1663,74,4
1664,87,2
1664,70,2
1664,67,3
1664,95,2
1665,12,-1
1665,3,3
1665,78,2
1665,65,1
1665,71,2
1666,10,-1
1666,66,3
1666,68,2
1666,91,3
1667,10,-1
1667,33,3
1667,66,3
1667,68,2
1668,89,3
1668,20,2
1668,65,-1
1668,66,1
1668,92,2
1669,89,3
1669,20,2
1669,65,-1
1669,66,1
1669,92,2
1670,16,3
1670,29,2
1670,9,-2
1670,17,2
1671,16,3
1671,35,2
1671,9,-2
1671,66,2
1672,3,2
1672,28,2
1672,78,-1
1672,1,2
1672,66,2
1673,41,2
1673,78,-1
1673,1,2
1673,66,2
1673,44,2
1674,76,-2
1674,60,5
1675,79,2
1675,66,5
1676,12,-2
1676,10,3
1676,28,2
1676,93,2
1677,12,-2
1677,10,3
1677,38,2
1677,94,2
1678,12,2
1678,11,-1
1678,70,4
1678,85,2
1679,12,2
1679,11,-1
1679,70,4
1679,85,2
1680,3,3
1680,71,1
1680,76,-2
1680,60,3
1681,3,3
1681,39,1
1681,76,-2
1681,60,3
1682,55,-2
1682,18,2
1682,8,2
1682,67,1
1683,55,-2
1683,18,3
1683,8,2
1683,67,2
1687,10,-1
1687,11,3
1687,3,4
1687,15,1
1688,10,-1
1688,11,3
1688,38,4
1688,15,1
1689,3,2
1689,1,3
1689,2,-1
1689,9,2
1689,6,-1
1690,3,2
1690,1,3
1690,2,-1
1690,9,2
1690,6,-1
1691,78,1
1691,73,4
1691,74,-2
1692,78,3
1692,73,4
1692,74,-2
1693,14,2
1693,88,2
1693,78,-2
1693,89,3
1694,14,2
1694,33,2
1694,78,-2
1694,89,3
1695,11,3
1695,78,-2
1695,7,2
1695,76,2
1696,11,3
1696,78,-2
1696,7,2
1696,76,2
1697,10,-2
1697,54,3
1697,86,2
1697,92,2
1698,10,-2
1698,54,3
1698,86,2
1698,94,2
1699,29,1
1699,87,2
1699,2,3
1699,7,-3
1700,56,1
1700,87,2
1700,2,3
1700,7,-3
1701,12,-2
1701,73,2
1701,74,2
1701,76,3
1702,12,-2
1702,73,2
1702,74,2
1702,76,3
1703,29,-2
1703,6,1
1703,72,3
1703,57,3
1704,6,1
1704,72,3
1704,57,3
1704,44,-2
1705,3,-1
1705,54,-1
1705,51,2
1705,53,1
1705,1,2
1706,3,-1
1706,54,-1
1706,51,2
1706,53,1
1706,1,2
1707,10,3
1707,86,2
1707,19,1
1707,80,-1
1708,10,3
1708,86,2
1708,19,1
1708,80,-1
1709,28,-2
1709,86,3
1709,84,2
1710,86,3
1710,84,2
1710,93,-2
1711,11,-2
1711,78,2
1711,72,1
1711,85,2
1712,11,-2
1712,78,2
1712,72,1
1712,85,2
1713,13,2
1713,10,-1
1713,2,1
1713,71,1
1713,75,2
1714,13,2
1714,10,-1
1714,2,2
1714,71,2
1714,75,2
1715,3,3
1715,1,2
1715,55,-2
1715,59,2
1716,3,3
1716,1,2
1716,55,-2
1716,59,2
1717,26,2
1717,51,2
1717,18,2
1717,67,-2
1718,51,2
1718,37,3
1718,18,2
1718,67,-2
1719,16,2
1719,74,1
1719,75,-2
1719,17,2
1720,16,2
1720,74,3
1720,75,-2
1720,17,2
1721,26,2
1721,25,1
1721,28,2
1721,2,-2
1722,34,3
1722,37,1
1722,2,-3
1722,44,2
1723,10,-1
1723,11,2
1723,3,3
1723,66,1
1724,10,-1
1724,11,2
1724,3,3
1724,66,3
1725,55,-2
1725,18,2
1725,66,3
1725,90,2
1726,55,-2
1726,18,2
1726,66,3
1726,90,2
1727,12,-2
1727,54,1
1727,1,4
1727,66,2
1728,12,-2
1728,54,1
1728,1,4
1728,66,2
1729,3,-2
1729,51,4
1729,19,2
1729,80,-1
1730,3,-2
1730,51,4
1730,19,2
1730,80,-1
1731,13,2
1731,29,2
1731,2,1
1731,76,-2
1732,13,3
1732,40,2
1732,76,-2
1733,26,2
1733,2,-1
1733,19,3
1733,80,-1
1734,41,2
1734,78,-1
1734,19,3
1734,80,-1
1735,56,2
1735,78,-2
1735,2,3
1736,56,2
1736,78,-2
1736,2,3
1737,3,2
1737,78,-3
1737,89,2
1737,90,2
1738,9,-2
1738,5,2
1738,80,3
1739,6,2
1739,7,-2
1739,80,3
1740,13,6
1740,55,5
1741,13,6
1741,55,5
1742,5,-2
1742,7,2
1742,80,3
1743,25,2
1743,89,1
1743,65,-2
1743,61,2
1744,87,2
1744,53,2
1744,74,-2
1744,57,3
1745,79,2
1745,78,2
1745,73,-2
1745,66,1
1746,71,3
1746,80,2
1746,66,2
1746,91,-2
1747,35,2
1747,80,-2
1747,44,2
1747,68,3
1748,55,2
1748,67,-1
1748,80,1
1748,60,3
1749,55,2
1749,86,3
1749,67,-2
1749,80,2
1750,71,3
1750,80,2
1750,66,2
1750,91,-2
1751,35,2
1751,80,-2
1751,44,2
1751,68,3
1752,55,2
1752,67,-1
1752,80,1
1752,60,3
1753,55,2
1753,86,3
1753,67,-2
1753,80,2
1754,9,2
1754,6,-2
1754,80,3
1755,11,2
1755,25,2
1755,34,2
1755,4,-2
1755,76,3
1756,78,-1
1756,67,3
1756,69,2
1756,84,2
1756,76,1
1757,78,-1
1757,67,3
1757,69,2
1757,84,2
1757,76,1
1758,52,2
1758,72,2
1758,93,3
1758,95,2
1759,52,2
1759,72,2
1759,93,3
1759,95,2
1760,13,2
1760,79,-2
1760,82,3
1760,83,2
1761,79,-2
1761,47,2
1761,82,3
1761,83,2
1762,52,2
1762,70,2
1762,74,-2
1762,57,3
1763,52,2
1763,70,2
1763,74,-2
1763,57,3
1764,52,2
1764,70,2
1764,74,-2
1764,57,3
1765,52,2
1765,70,2
1765,74,-2
1765,57,3
1768,79,2
1768,3,-5
1768,27,2
1769,3,-5
1769,39,2
1769,42,2
1770,10,-2
1770,54,2
1770,29,2
1770,75,3
1771,10,-2
1771,29,2
1771,43,2
1771,75,3
1772,18,2
1772,19,4
1772,75,-3
1773,18,2
1773,19,4
1773,75,-3
1774,11,-3
1774,75,4
1774,62,2
1775,11,-3
1775,75,4
1775,62,2
1776,53,2
1776,4,3
1776,66,2
1776,85,-2
1777,53,2
1777,4,3
1777,66,2
1777,85,-2
1778,27,2
1778,55,1
1778,4,4
1778,59,-2
1779,55,1
1779,4,4
1779,59,-2
1779,61,2
1780,54,2
1780,29,3
1780,66,1
1780,76,-1
1781,54,2
1781,41,3
1781,36,3
1781,78,-1
1782,54,2
1782,29,3
1782,66,1
1782,76,-1
1783,54,2
1783,41,3
1783,36,3
1783,78,-1
1784,54,4
1784,66,5
1785,54,4
1785,36,5
1786,51,2
1786,29,3
1786,20,2
1786,74,-2
1787,51,3
1787,56,1
1787,20,3
1787,74,-2
1788,29,3
1788,80,2
1788,90,-2
1788,17,2
1789,41,-1
1789,43,2
1789,80,2
1789,90,-2
1789,17,2
1790,51,3
1790,74,-3
1790,15,3
1791,51,3
1791,74,-3
1791,15,3
1792,79,-2
1792,72,2
1792,57,1
1792,91,2
1793,79,-2
1793,72,2
1793,57,1
1793,91,2
1794,25,1
1794,51,2
1794,55,-2
1794,59,4
1795,51,2
1795,55,-2
1795,59,4
1795,61,1
1796,14,1
1796,79,-1
1796,71,3
1796,84,2
1797,14,2
1797,79,-2
1797,71,3
1797,84,2
1798,51,1
1798,1,3
1798,55,-1
1798,18,2
1799,51,1
1799,1,3
1799,55,-2
1799,18,3
1800,55,3
1800,73,-2
1800,74,4
1801,70,6
1801,67,5
1802,12,-1
1802,3,4
1802,65,2
1802,71,2
1803,10,-2
1803,54,2
1803,1,2
1803,66,3
1804,10,-2
1804,54,2
1804,1,2
1804,66,3
1805,20,2
1805,65,-2
1805,90,2
1805,92,3
1806,20,2
1806,65,-2
1806,72,3
1806,90,2
1807,28,2
1807,29,2
1807,1,3
1807,76,-2
1808,41,2
1808,40,2
1808,78,-2
1808,1,1
1809,12,-2
1809,10,3
1809,28,2
1810,12,-2
1810,10,3
1810,35,2
1811,12,3
1811,11,-2
1811,85,2
1812,12,3
1812,11,-2
1812,85,2
1813,2,2
1813,4,-2
1813,60,3
1814,2,2
1814,4,-2
1814,60,3
1815,11,-3
1815,26,2
1815,28,1
1815,8,3
1816,11,-3
1816,34,2
1816,8,3
1816,44,1
1817,12,3
1817,11,-2
1817,52,2
1818,12,3
1818,11,-2
1818,52,2
1821,1,3
1821,2,-2
1821,9,2
1822,1,3
1822,2,-2
1822,9,2
1823,73,3
1823,74,-1
1823,66,3
1824,73,3
1824,74,-1
1824,66,3
1825,14,2
1825,79,-2
1825,53,2
1825,89,3
1826,14,2
1826,79,-2
1826,33,2
1826,89,3
1827,11,3
1827,78,-2
1827,76,2
1828,11,3
1828,78,-2
1828,76,2
1829,10,-2
1829,54,5
1829,86,2
1830,10,-2
1830,54,5
1830,86,2
1831,29,2
1831,87,2
1831,2,2
1831,76,-1
1832,41,2
1832,39,2
1832,2,2
1832,4,-1
1833,13,5
1833,78,-2
1833,76,2
1834,13,5
1834,78,-2
1834,76,2
1835,13,1
1835,11,2
1835,2,2
1835,8,-2
1836,13,3
1836,11,2
1836,2,2
1836,8,-2
1837,78,-2
1837,73,2
1837,74,2
1837,76,3
1838,78,-2
1838,73,2
1838,74,2
1838,76,3
1839,1,6
1839,55,-1
1839,59,2
1840,1,6
1840,55,-1
1840,59,2
1841,11,3
1841,18,2
1841,67,-2
1842,18,2
1842,67,-2
1842,45,3
1843,16,2
1843,1,2
1843,73,-1
1843,74,2
1844,16,2
1844,1,2
1844,73,-1
1844,74,2
1845,25,2
1845,28,1
1845,1,2
1845,2,-2
1846,34,2
1846,37,3
1846,2,-2
1847,10,-1
1847,11,2
1847,3,4
1848,10,-2
1848,11,3
1848,3,4
1849,1,-2
1849,58,1
1849,77,4
1850,1,-2
1850,58,3
1850,77,2
1851,55,-2
1851,18,2
1851,66,1
1851,90,2
1852,55,-2
1852,18,2
1852,66,1
1852,90,2
1853,10,-1
1853,54,2
1853,1,4
1854,10,-1
1854,54,2
1854,1,4
1855,3,-2
1855,51,3
1855,19,2
1856,3,-3
1856,51,4
1856,19,2
1857,29,2
1857,2,4
1857,76,-3
1858,43,2
1858,2,4
1858,76,-3
1859,79,-1
1859,67,2
1859,95,2
1860,70,2
1860,65,-1
1860,71,4
1861,13,-2
1861,88,2
1861,66,3
1862,13,-2
1862,39,2
1862,66,3
1863,29,-1
1863,20,2
1863,92,2
1863,15,2
1864,20,2
1864,44,-2
1864,15,3
1865,29,2
1865,2,3
1865,76,-2
1866,41,2
1866,2,1
1866,4,-2
1867,16,3
1867,9,-2
1867,57,2
1868,16,3
1868,9,-2
1868,57,2
1869,13,2
1869,52,2
1869,6,-1
1870,13,4
1870,52,2
1870,6,-1
1871,53,3
1871,55,2
1871,76,-2
1872,53,3
1872,55,2
1872,76,-2
1873,55,-2
1873,18,3
1873,67,2
1874,55,-2
1874,18,3
1874,67,2
1875,12,3
1875,5,-2
1875,80,2
1876,12,3
1876,5,-2
1876,80,2
1877,11,3
1877,7,-2
1877,84,2
1878,11,3
1878,7,-2
1878,84,2
1879,3,-2
1879,51,1
1879,53,2
1880,3,-2
1880,51,3
1880,53,2
1881,78,3
1881,73,2
1881,74,-2
1882,78,3
1882,73,2
1882,74,-2
1883,88,2
1883,78,-2
1883,59,3
1884,35,3
1884,88,2
1884,78,-2
1885,10,4
1885,19,2
1885,80,-1
1886,10,4
1886,19,2
1886,80,-1
1887,54,-1
1887,86,4
1887,84,2
1888,54,-1
1888,86,6
1888,84,2
1889,56,2
1889,2,1
1889,7,-2
1890,56,2
1890,2,3
1890,7,-2
1891,10,-2
1891,29,2
1891,75,3
1892,10,-2
1892,37,3
1892,75,2
1893,11,-2
1893,78,3
1893,85,2
1894,11,-2
1894,78,3
1894,85,2
1895,52,3
1895,18,2
1895,75,-2
1896,52,3
1896,18,2
1896,75,-2
1897,3,-3
1897,26,2
1897,51,2
1898,3,-3
1898,51,2
1898,41,2
1899,26,2
1899,2,-2
1899,19,3
1900,41,2
1900,19,3
1900,80,-2
1901,56,2
1901,78,-3
1901,2,2
1902,56,2
1902,78,-3
1902,2,2
1903,14,2
1903,55,5
1904,14,2
1904,55,5
1905,25,2
1905,65,-2
1905,61,2
1905,90,1
1906,53,2
1906,74,-2
1906,57,3
1907,79,2
1907,78,2
1907,73,-1
1908,55,-2
1908,70,2
1908,71,3
1908,80,2
1909,35,2
1909,38,3
1909,55,-2
1909,70,2
1910,55,2
1910,80,-3
1910,68,4
1911,33,2
1911,80,-3
1911,68,4
1912,55,-2
1912,70,2
1912,71,3
1912,80,2
1913,35,2
1913,38,3
1913,55,-2
1913,70,2
1914,55,2
1914,80,-3
1914,68,4
1915,33,2
1915,80,-3
1915,68,4
1916,66,4
1916,76,1
1916,77,-2
1916,62,2
1917,66,3
1917,77,-3
1917,62,3
1918,88,3
1918,55,-2
1918,80,2
1918,68,4
1919,88,3
1919,55,-2
1919,80,2
1919,68,4
1920,79,-2
1920,25,2
1920,59,3
1920,92,2
1921,79,2
1921,59,3
1921,44,-1
1921,60,3
1922,52,2
1922,74,-2
1922,57,3
1923,52,2
1923,74,-2
1923,57,3
1924,52,2
1924,74,-2
1924,57,3
1925,52,2
1925,74,-2
1925,57,3
1926,3,-3
1926,27,2
1926,52,2
1927,3,-3
1927,52,2
1927,42,2
1928,18,2
1928,19,5
1928,75,-2
1929,18,2
1929,19,5
1929,75,-2
1930,11,-3
1930,75,4
1930,62,2
1931,11,-3
1931,75,4
1931,62,2
1932,53,2
1932,4,5
1932,85,-2
1933,53,2
1933,4,5
1933,85,-2
1934,10,-1
1934,54,2
1934,29,2
1934,56,2
1935,10,-1
1935,54,2
1935,41,4
1936,10,-1
1936,54,2
1936,29,2
1936,56,2
1937,10,-1
1937,54,2
1937,41,4
1938,29,5
1938,90,-2
1938,17,2
1939,43,4
1939,80,1
1939,90,-2
1939,17,2
1940,51,5
1940,74,-2
1940,15,2
1941,51,5
1941,74,-2
1941,15,2
1942,26,1
1942,27,3
1942,51,-2
1942,55,-3
1943,51,-2
1943,33,3
1943,55,-3
1943,42,1
1944,25,2
1944,51,4
1944,18,1
1944,62,-2
1945,51,4
1945,18,1
1945,61,2
1945,62,-2
1946,52,2
1946,74,-2
1946,57,3
1947,79,-1
1947,78,2
1947,86,2
1948,55,2
1948,76,-1
1948,60,4
1949,79,-1
1949,55,2
1949,86,2
1950,55,2
1950,76,-1
1950,60,4
1951,79,-1
1951,55,2
1951,86,2
1952,3,-1
1952,67,3
1952,69,2
1952,84,1
1953,3,-1
1953,67,3
1953,69,2
1953,84,1
1954,93,3
1954,95,2
1955,93,5
1955,95,2
1956,25,2
1956,51,1
1956,55,-2
1956,59,2
1957,51,1
1957,55,-2
1957,59,2
1957,61,2
1958,14,1
1958,79,-1
1958,71,3
1958,84,2
1959,14,1
1959,79,-1
1959,71,3
1959,84,2
1960,3,-2
1960,51,2
1960,18,3
1961,3,-2
1961,51,2
1961,18,3
1962,3,3
1962,71,-1
1962,80,3
1963,3,3
1963,71,-1
1963,80,3
1964,27,2
1964,1,3
1964,2,-2
1965,34,2
1965,53,1
1965,1,2
1965,2,-2
1966,10,-2
1966,54,3
1966,27,2
1967,10,-2
1967,54,3
1967,34,2
1968,10,-2
1968,54,3
1968,27,2
1969,10,-2
1969,54,3
1969,34,2
1970,25,2
1970,2,-2
1970,55,-3
1970,76,2
1971,2,-2
1971,55,-3
1971,76,2
1971,61,2
1972,26,-2
1972,25,2
1972,27,2
1972,55,-3
1973,55,-3
1973,76,-2
1973,61,2
1973,62,2
1974,54,2
1974,1,2
1974,2,-2
1975,54,5
1975,1,2
1975,2,-2
1976,14,3
1976,78,-2
1976,1,4
1977,14,3
1977,78,-2
1977,1,4
1978,11,1
1978,84,-3
1978,68,5
1979,84,-3
1979,68,3
1979,45,3
1980,12,3
1980,10,-2
1980,84,4
1981,12,3
1981,10,-2
1981,84,4
1982,56,1
1982,88,3
1982,2,3
1982,4,-2
1983,56,1
1983,39,3
1983,2,3
1983,4,-2
1984,12,-2
1984,13,4
1984,77,3
1985,12,-2
1985,13,1
1985,47,3
1985,77,3
1986,1,-2
1986,2,4
1986,55,3
1987,1,-2
1987,2,4
1987,55,3
1988,76,3
1988,77,-3
1988,82,3
1989,76,3
1989,77,-3
1989,82,3
1990,51,4
1990,55,-2
1990,66,2
1990,59,1
1991,51,4
1991,55,-2
1991,66,2
1991,59,1
1992,54,-2
1992,28,5
1992,18,2
1993,54,-2
1993,18,2
1993,49,5
1994,16,5
1994,53,2
1994,73,-2
1995,16,5
1995,53,2
1995,73,-2
1996,3,-4
1996,27,1
1996,31,4
1997,3,-3
1997,37,5
1997,61,1
1998,3,5
1998,28,-2
1998,84,2
1999,3,5
1999,84,2
1999,44,-2
2000,1,-3
2000,57,3
2000,58,1
2001,1,-2
2001,57,2
2001,58,3
2001,81,2
2002,93,-2
2002,75,2
2002,63,3
2002,62,2
2003,93,-2
2003,75,5
2003,63,1
2003,62,3
2004,55,-3
2004,18,2
2004,90,2
2005,55,-2
2005,18,2
2005,90,3
2005,83,2
2006,1,5
2006,31,2
2006,62,-2
2007,33,2
2007,1,5
2007,62,-2
2008,1,6
2008,19,1
2008,65,-2
2009,1,6
2009,19,1
2009,65,-2
2010,3,3
2010,29,3
2010,56,1
2010,77,-2
2011,3,-3
2011,56,1
2011,43,3
2011,77,-2
2012,3,-3
2012,51,1
2012,19,3
2013,3,-2
2013,51,1
2013,41,3
2014,26,-2
2014,56,2
2014,90,2
2014,17,3
2015,56,2
2015,38,3
2015,90,2
2015,62,-2
2016,10,2
2016,78,-3
2016,76,2
2017,10,2
2017,78,-3
2017,76,2
2018,55,-2
2018,18,2
2018,86,5
2019,55,-2
2019,18,3
2019,86,4
2020,29,3
2020,1,3
2020,76,-2
2020,63,1
2021,41,-2
2021,43,3
2021,40,3
2021,63,1
2022,78,3
2022,76,3
2022,77,-3
2023,78,3
2023,76,3
2023,77,-3
2024,10,3
2024,26,3
2024,1,1
2024,74,-2
2025,10,3
2025,33,3
2025,74,-2
2025,42,1
2026,26,3
2026,25,2
2026,2,-4
2027,41,4
2027,34,2
2027,2,-3
2028,26,2
2028,51,3
2028,55,-2
2028,18,2
2029,51,3
2029,41,2
2029,55,-2
2029,18,2
2030,53,2
2030,2,5
2030,76,-2
2031,53,2
2031,2,5
2031,76,-2
2035,79,-2
2035,25,3
2035,8,3
2036,79,3
2036,33,3
2036,8,3
2038,33,1
2038,4,4
2038,59,-2
2039,74,-2
2039,67,2
2039,57,3
2040,74,-2
2040,67,2
2040,57,3
2041,74,-2
2041,67,2
2041,57,3
2042,74,-2
2042,67,2
2042,57,3
2043,79,1
2043,18,4
2043,75,-2
2043,23,2
2044,79,1
2044,18,4
2044,75,-2
2044,23,2
2045,11,-2
2045,26,3
2045,57,2
2045,22,2
2046,11,-2
2046,41,2
2046,43,3
2046,22,2
2047,53,1
2047,55,2
2047,4,-2
2047,76,4
2048,53,1
2048,55,2
2048,4,-2
2048,76,4
2049,86,3
2049,85,-2
2049,58,2
2049,24,2
2050,86,3
2050,85,-2
2050,76,2
2050,24,2
2051,29,3
2051,90,-2
2051,63,4
2052,43,3
2052,90,-2
2052,63,4
2053,27,2
2053,51,3
2053,85,-2
2053,24,2
2054,51,3
2054,85,-2
2054,24,2
2054,42,2
2055,12,3
2055,27,3
2055,78,-2
2055,90,1
2056,78,-2
2056,61,3
2056,90,1
2056,46,3
2057,26,1
2057,8,-3
2057,58,3
2057,21,2
2058,34,1
2058,8,-3
2058,58,3
2058,21,2
2059,25,1
2059,27,3
2059,55,-2
2059,17,3
2060,41,6
2060,55,-2
2060,61,1
2061,69,2
2061,71,-2
2061,58,2
2061,81,3
2062,69,2
2062,71,-2
2062,58,2
2062,81,3
2063,93,2
2063,85,5
2064,93,2
2064,85,5
2065,55,2
2065,86,5
2065,59,-2
2066,55,2
2066,86,5
2066,59,-2
2067,3,-2
2067,51,3
2067,18,4
2068,3,-2
2068,51,3
2068,18,4
2069,71,-2
2069,80,4
2069,82,3
2070,71,-2
2070,80,4
2070,82,3
2071,27,1
2071,1,3
2071,2,-3
2072,34,1
2072,1,3
2072,2,-3
2073,10,-2
2073,54,4
2073,31,3
2074,10,-2
2074,54,4
2074,35,3
2075,10,-2
2075,54,4
2075,31,3
2076,10,-2
2076,54,4
2076,35,3
2077,54,-3
2077,25,2
2077,57,2
2077,64,2
2078,54,-3
2078,57,2
2078,61,2
2078,64,2
2079,54,4
2079,80,-3
2079,32,2
2080,54,4
2080,80,-3
2080,50,2
